tag,beta,N,T,epsilon,mu,seed,variance,engagement,update_rate,bimodality,n_clusters
beta_sweep,-10,100,4000,0.15,0.3,0,0.07257447871649808,0.5501548332792839,0.007,0.22821934361006221,11
beta_sweep,-10,100,4000,0.15,0.3,1,0.07192827071270859,0.55280786786491,0.01175,0.22246506275244518,9
beta_sweep,-10,100,4000,0.15,0.3,2,0.07486815854929317,0.5469163654899842,0.0085,0.19946361321164208,16
beta_sweep,-10,100,4000,0.15,0.3,3,0.08022229445747196,0.5422522775131237,0.00925,0.21408965070475125,14
beta_sweep,-10,100,4000,0.15,0.3,4,0.07570839797111859,0.5428021813121541,0.0065,0.20082341916427468,14
beta_sweep,-10,100,4000,0.15,0.3,5,0.08120552305264361,0.5337580448884712,0.007,0.2035060984473721,15
beta_sweep,-10,100,4000,0.15,0.3,6,0.0794010407535902,0.5405783968222037,0.00625,0.20780487739718118,14
beta_sweep,-10,100,4000,0.15,0.3,7,0.07860577605116581,0.5461703446864357,0.01075,0.203947575274693,14
beta_sweep,-10,100,4000,0.15,0.3,8,0.07634677520152694,0.5452820699877695,0.01,0.19877664000481962,15
beta_sweep,-10,100,4000,0.15,0.3,9,0.07142295796821725,0.5545380085492153,0.00975,0.1982742237701316,13
beta_sweep,-10,100,4000,0.15,0.3,10,0.09009132016474085,0.5220623527979745,0.005,0.22062432110929633,15
beta_sweep,-10,100,4000,0.15,0.3,11,0.07201459645201702,0.5558005726359038,0.0095,0.20908845838273185,12
beta_sweep,-10,100,4000,0.15,0.3,12,0.08336059782128073,0.5372285888381536,0.00625,0.207238395850361,10
beta_sweep,-10,100,4000,0.15,0.3,13,0.08213869740177648,0.5306136131918094,0.00575,0.20396366585860634,15
beta_sweep,-10,100,4000,0.15,0.3,14,0.09022236815356825,0.5210908081187976,0.005,0.20395619379829533,13
beta_sweep,-10,100,4000,0.15,0.3,15,0.06271510851899027,0.5742932151663708,0.018,0.19468226409438188,15
beta_sweep,-10,100,4000,0.15,0.3,16,0.08926599244920425,0.5237871828350542,0.006,0.2130396137544289,17
beta_sweep,-10,100,4000,0.15,0.3,17,0.08380155726534655,0.5326744645185353,0.00775,0.20582594882079713,13
beta_sweep,-10,100,4000,0.15,0.3,18,0.08531688005079953,0.5304005648254586,0.0065,0.2023190369217204,13
beta_sweep,-10,100,4000,0.15,0.3,19,0.08004337274304091,0.5414893517639836,0.008,0.20395311678175687,11
beta_sweep,-10,100,4000,0.15,0.3,20,0.0847794363916449,0.528490054429938,0.00625,0.20937290248404608,13
beta_sweep,-10,100,4000,0.15,0.3,21,0.0697833197582694,0.5661676617285906,0.01075,0.21097411728056287,17
beta_sweep,-10,100,4000,0.15,0.3,22,0.07906898106572116,0.5456153184478126,0.008,0.2112963188379838,11
beta_sweep,-10,100,4000,0.15,0.3,23,0.08758033493378793,0.5310072227913331,0.00575,0.20528885038709138,17
beta_sweep,-10,100,4000,0.15,0.3,24,0.08093769051858757,0.5378866719429362,0.00725,0.19986529152596258,15
beta_sweep,-10,100,4000,0.15,0.3,25,0.07276580283525162,0.5519616827494922,0.009,0.20418591294745003,13
beta_sweep,-10,100,4000,0.15,0.3,26,0.07721183815900944,0.5446196510044218,0.01225,0.1990456093865288,17
beta_sweep,-10,100,4000,0.15,0.3,27,0.07173366091999546,0.5556382819536415,0.0095,0.2021041397444917,13
beta_sweep,-10,100,4000,0.15,0.3,28,0.08060997550998619,0.5367035557284315,0.00725,0.20465954476995857,19
beta_sweep,-10,100,4000,0.15,0.3,29,0.07754039597782404,0.5407103465823002,0.0065,0.20631144643436142,15
beta_sweep,-5,100,4000,0.15,0.3,0,0.07045110569042425,0.6093511228483541,0.062,0.19390825284352484,12
beta_sweep,-5,100,4000,0.15,0.3,1,0.07659029282848516,0.6002137015184653,0.05975,0.20854342006816629,13
beta_sweep,-5,100,4000,0.15,0.3,2,0.06629954743819437,0.6271877761988509,0.06625,0.20433954327955522,8
beta_sweep,-5,100,4000,0.15,0.3,3,0.06779672792985131,0.6171992780659775,0.06625,0.19747628515794596,13
beta_sweep,-5,100,4000,0.15,0.3,4,0.0845546719294202,0.5831360587334004,0.0375,0.212064157122156,14
beta_sweep,-5,100,4000,0.15,0.3,5,0.0855411855969968,0.5810080441057194,0.04575,0.21645518404812905,19
beta_sweep,-5,100,4000,0.15,0.3,6,0.07896090847610075,0.5924286035947539,0.0465,0.20013955491917204,17
beta_sweep,-5,100,4000,0.15,0.3,7,0.07139601617247866,0.6007699944927382,0.06175,0.24216598986991006,11
beta_sweep,-5,100,4000,0.15,0.3,8,0.08883218894960734,0.5733967110141419,0.04775,0.21555532249519027,12
beta_sweep,-5,100,4000,0.15,0.3,9,0.06483335643765596,0.6211564336030281,0.06,0.20001008062858272,14
beta_sweep,-5,100,4000,0.15,0.3,10,0.07282177004443711,0.6038182072121322,0.0555,0.21058653802311153,16
beta_sweep,-5,100,4000,0.15,0.3,11,0.08369600908137993,0.5861948761880945,0.048,0.21689914453654274,13
beta_sweep,-5,100,4000,0.15,0.3,12,0.06286671863724688,0.6340737359230091,0.07525,0.19141522265807048,14
beta_sweep,-5,100,4000,0.15,0.3,13,0.06491567068808622,0.6222814750495671,0.06825,0.2375983886066779,12
beta_sweep,-5,100,4000,0.15,0.3,14,0.07414599057807561,0.6028673320255105,0.057,0.19945350343338394,14
beta_sweep,-5,100,4000,0.15,0.3,15,0.08142111189393024,0.5920868509443313,0.056,0.20234505204330228,13
beta_sweep,-5,100,4000,0.15,0.3,16,0.07216694139684096,0.6045098951252935,0.05575,0.21267418176522632,13
beta_sweep,-5,100,4000,0.15,0.3,17,0.08551842648153889,0.5780896483733022,0.04325,0.21302120110215658,12
beta_sweep,-5,100,4000,0.15,0.3,18,0.07298238199936352,0.6027222899360506,0.064,0.21426820935776744,16
beta_sweep,-5,100,4000,0.15,0.3,19,0.07618427222620407,0.5975413656558713,0.05375,0.2160087782250853,13
beta_sweep,-5,100,4000,0.15,0.3,20,0.07170426584770062,0.6117927115344902,0.0665,0.20032246431399478,13
beta_sweep,-5,100,4000,0.15,0.3,21,0.08339148654837636,0.5860848411039301,0.047,0.20240567865919135,12
beta_sweep,-5,100,4000,0.15,0.3,22,0.06215986043798366,0.6281360338938852,0.072,0.20967291798773752,10
beta_sweep,-5,100,4000,0.15,0.3,23,0.07399454479143046,0.603399104001232,0.0635,0.2289201288609537,10
beta_sweep,-5,100,4000,0.15,0.3,24,0.07971872027025514,0.5974345565687621,0.061,0.20200663598867344,12
beta_sweep,-5,100,4000,0.15,0.3,25,0.09519629136144035,0.5613475656686584,0.03625,0.21450447245240917,17
beta_sweep,-5,100,4000,0.15,0.3,26,0.07154933380828098,0.6089278459682492,0.05525,0.21003383155652547,13
beta_sweep,-5,100,4000,0.15,0.3,27,0.07923392751159926,0.5913564858492576,0.05125,0.2208558769226453,16
beta_sweep,-5,100,4000,0.15,0.3,28,0.07550361641242663,0.5983092343498114,0.0545,0.21011442578494655,12
beta_sweep,-5,100,4000,0.15,0.3,29,0.09279696059138262,0.5662306883323174,0.0435,0.21365352127028067,14
beta_sweep,-2,100,4000,0.15,0.3,0,0.06927181550752483,0.6855601069063995,0.1565,0.20115089295245514,5
beta_sweep,-2,100,4000,0.15,0.3,1,0.09041909742995026,0.6451842578709668,0.1545,0.22819166644914307,7
beta_sweep,-2,100,4000,0.15,0.3,2,0.060993731586820116,0.7062937354494166,0.16425,0.19639870987583735,4
beta_sweep,-2,100,4000,0.15,0.3,3,0.07066808544302079,0.6838697352988735,0.1625,0.2191459004143912,4
beta_sweep,-2,100,4000,0.15,0.3,4,0.07429223757911031,0.6791859185371643,0.13875,0.23060738743973305,5
beta_sweep,-2,100,4000,0.15,0.3,5,0.06928583544684473,0.6923858669311576,0.177,0.21577822240693553,4
beta_sweep,-2,100,4000,0.15,0.3,6,0.07488876950329508,0.6770294488262105,0.1725,0.20923827740285292,7
beta_sweep,-2,100,4000,0.15,0.3,7,0.04897878019450008,0.7370423444265987,0.2085,0.21124210577405914,3
beta_sweep,-2,100,4000,0.15,0.3,8,0.05757561281373482,0.7008668536928242,0.19925,0.2224769167578627,8
beta_sweep,-2,100,4000,0.15,0.3,9,0.06663107859734647,0.6870480420990578,0.167,0.23787635970745982,7
beta_sweep,-2,100,4000,0.15,0.3,10,0.06457448348694714,0.6875358474439979,0.177,0.23227731817137898,6
beta_sweep,-2,100,4000,0.15,0.3,11,0.05841941889828264,0.7105086571461898,0.197,0.25911216508124624,6
beta_sweep,-2,100,4000,0.15,0.3,12,0.060524909200608844,0.7056563715168104,0.176,0.21730673341105752,6
beta_sweep,-2,100,4000,0.15,0.3,13,0.05336170825374498,0.7196634903273867,0.21,0.2038282719883947,6
beta_sweep,-2,100,4000,0.15,0.3,14,0.07233853096054041,0.6870634067004765,0.1925,0.1977721718889165,6
beta_sweep,-2,100,4000,0.15,0.3,15,0.058569057360050254,0.702095970905472,0.2185,0.2356413040205007,6
beta_sweep,-2,100,4000,0.15,0.3,16,0.06705381461129728,0.694146909921801,0.18875,0.26389499251200665,4
beta_sweep,-2,100,4000,0.15,0.3,17,0.06508495816994103,0.6969183922406864,0.16525,0.22042622260991115,6
beta_sweep,-2,100,4000,0.15,0.3,18,0.07385729594584886,0.6820936216678006,0.178,0.212839002223028,4
beta_sweep,-2,100,4000,0.15,0.3,19,0.062196800166881644,0.6917387332792881,0.1945,0.23055660996386626,8
beta_sweep,-2,100,4000,0.15,0.3,20,0.06984160887953753,0.6890348407134963,0.177,0.22654271584878916,5
beta_sweep,-2,100,4000,0.15,0.3,21,0.07155036490726838,0.6798536134924972,0.15075,0.20926109348727343,8
beta_sweep,-2,100,4000,0.15,0.3,22,0.07072191815556438,0.6880592375408866,0.17275,0.2221146035474377,6
beta_sweep,-2,100,4000,0.15,0.3,23,0.06478569354143493,0.6996868665031429,0.18125,0.20650902103611513,5
beta_sweep,-2,100,4000,0.15,0.3,24,0.05841810605800072,0.7147567619950661,0.184,0.20565255326086868,6
beta_sweep,-2,100,4000,0.15,0.3,25,0.06794405151119534,0.6902708367260879,0.152,0.2111251196407366,7
beta_sweep,-2,100,4000,0.15,0.3,26,0.06752315348907321,0.6994821891359817,0.195,0.23609673286413113,5
beta_sweep,-2,100,4000,0.15,0.3,27,0.07286278313236359,0.6760151599598102,0.166,0.2240188441210825,6
beta_sweep,-2,100,4000,0.15,0.3,28,0.055044910262166666,0.718967056370446,0.2305,0.18233070675754048,6
beta_sweep,-2,100,4000,0.15,0.3,29,0.08021321678062296,0.6734448105353317,0.14975,0.20586797477622032,4
beta_sweep,-1,100,4000,0.15,0.3,0,0.08822062393789727,0.6927040088591742,0.218,0.21589832137553455,5
beta_sweep,-1,100,4000,0.15,0.3,1,0.07417633164786804,0.7112083977764434,0.21775,0.22037572569265557,6
beta_sweep,-1,100,4000,0.15,0.3,2,0.0850810220677141,0.6957764960067613,0.2285,0.22511390067786166,3
beta_sweep,-1,100,4000,0.15,0.3,3,0.06713514915979374,0.7186588415589725,0.2845,0.24169583901445105,3
beta_sweep,-1,100,4000,0.15,0.3,4,0.06352102056381205,0.7348106775128435,0.24775,0.25675160442001127,3
beta_sweep,-1,100,4000,0.15,0.3,5,0.06589620012507552,0.7274866768915927,0.233,0.21917210021997152,5
beta_sweep,-1,100,4000,0.15,0.3,6,0.07598772956642091,0.7042183056285899,0.1895,0.21233597991287861,7
beta_sweep,-1,100,4000,0.15,0.3,7,0.06668894314078705,0.7211628491977449,0.2355,0.23595672578561683,4
beta_sweep,-1,100,4000,0.15,0.3,8,0.08404264192611192,0.6958651682073607,0.21575,0.23322972998340988,5
beta_sweep,-1,100,4000,0.15,0.3,9,0.07069088955038925,0.717008296654928,0.2285,0.21876522985093946,3
beta_sweep,-1,100,4000,0.15,0.3,10,0.07511306442486652,0.7065383358025135,0.22375,0.22361443309576845,4
beta_sweep,-1,100,4000,0.15,0.3,11,0.06436276126230911,0.7257389525702354,0.225,0.2172536006424246,6
beta_sweep,-1,100,4000,0.15,0.3,12,0.06166962652486275,0.7398407122352582,0.251,0.20910960638356932,5
beta_sweep,-1,100,4000,0.15,0.3,13,0.0628865114100091,0.7199666727980429,0.2395,0.20494556808092254,9
beta_sweep,-1,100,4000,0.15,0.3,14,0.0899095773710807,0.6851574478540852,0.2235,0.22761376181098547,3
beta_sweep,-1,100,4000,0.15,0.3,15,0.07908193083835607,0.7049806426634551,0.24075,0.23499529617327847,3
beta_sweep,-1,100,4000,0.15,0.3,16,0.07918486096738539,0.7111897715151638,0.24625,0.22086173592980154,3
beta_sweep,-1,100,4000,0.15,0.3,17,0.0643138206178544,0.7266383765452642,0.25525,0.22990440229256615,3
beta_sweep,-1,100,4000,0.15,0.3,18,0.08862358441535745,0.6901318279327407,0.2325,0.227093568294358,3
beta_sweep,-1,100,4000,0.15,0.3,19,0.07919566288798169,0.7052634970330843,0.22675,0.21009929903228905,4
beta_sweep,-1,100,4000,0.15,0.3,20,0.08452904106441782,0.6915843380355182,0.21225,0.2337426793218635,4
beta_sweep,-1,100,4000,0.15,0.3,21,0.07143938827625411,0.708400057298961,0.226,0.2130388922572249,4
beta_sweep,-1,100,4000,0.15,0.3,22,0.08394149043054862,0.6898171666237901,0.212,0.22490021635685875,5
beta_sweep,-1,100,4000,0.15,0.3,23,0.06694246700124723,0.7306125661010113,0.24825,0.21500076018074768,3
beta_sweep,-1,100,4000,0.15,0.3,24,0.077931472465318,0.7144712127173101,0.23225,0.23495464635614705,4
beta_sweep,-1,100,4000,0.15,0.3,25,0.07049176133391573,0.7183323670301562,0.23525,0.23612587311395652,5
beta_sweep,-1,100,4000,0.15,0.3,26,0.07082513291760148,0.7207706068793718,0.2515,0.2084876658589912,3
beta_sweep,-1,100,4000,0.15,0.3,27,0.06820276775889507,0.7227060002955067,0.268,0.23459450995656217,3
beta_sweep,-1,100,4000,0.15,0.3,28,0.05724033902066632,0.7462697703701964,0.3285,0.244328246673127,3
beta_sweep,-1,100,4000,0.15,0.3,29,0.06372103565250284,0.7363853072603451,0.29125,0.2613440200294315,3
beta_sweep,0,100,4000,0.15,0.3,0,0.07295450673820808,0.7527787921918984,0.32425,0.19757221482211013,3
beta_sweep,0,100,4000,0.15,0.3,1,0.07321864199335414,0.7583703978465035,0.32975,0.21125599179154567,4
beta_sweep,0,100,4000,0.15,0.3,2,0.0754369492207388,0.7462062532817603,0.288,0.210043503951498,4
beta_sweep,0,100,4000,0.15,0.3,3,0.045591343675740206,0.7938415153982922,0.40425,0.2369292219921983,4
beta_sweep,0,100,4000,0.15,0.3,4,0.0691543870921968,0.7548927048933725,0.34425,0.23877240811615555,3
beta_sweep,0,100,4000,0.15,0.3,5,0.0626763892019416,0.7613428500096443,0.299,0.21465875332254566,4
beta_sweep,0,100,4000,0.15,0.3,6,0.0764634165577843,0.7559184788411762,0.34475,0.2440366790214852,3
beta_sweep,0,100,4000,0.15,0.3,7,0.07016259669477203,0.7682623540181582,0.35825,0.26118616556967683,5
beta_sweep,0,100,4000,0.15,0.3,8,0.0573994497825351,0.7744458182074261,0.37575,0.26135674529353475,4
beta_sweep,0,100,4000,0.15,0.3,9,0.06168436958125807,0.7752227723593119,0.32275,0.21024084239863244,4
beta_sweep,0,100,4000,0.15,0.3,10,0.07211412711666676,0.7587734280696643,0.31925,0.21969528057245197,3
beta_sweep,0,100,4000,0.15,0.3,11,0.054682452695473206,0.7827873135345115,0.3665,0.23535898451505174,5
beta_sweep,0,100,4000,0.15,0.3,12,0.06060501824323474,0.7647819439107922,0.38025,0.26802638172128296,2
beta_sweep,0,100,4000,0.15,0.3,13,0.06837616975483274,0.7654609766797463,0.3375,0.20982762215633816,3
beta_sweep,0,100,4000,0.15,0.3,14,0.06233753946561959,0.7717663258704088,0.3215,0.22440496876757307,3
beta_sweep,0,100,4000,0.15,0.3,15,0.061151666313903154,0.7663316527050854,0.28725,0.1983365167012963,4
beta_sweep,0,100,4000,0.15,0.3,16,0.06358419957647306,0.7744771899000231,0.3035,0.1917548691736188,4
beta_sweep,0,100,4000,0.15,0.3,17,0.06011458923722843,0.7728554869770795,0.338,0.21803228218979143,4
beta_sweep,0,100,4000,0.15,0.3,18,0.07327130896898418,0.7594993840068546,0.3335,0.20458397739000264,3
beta_sweep,0,100,4000,0.15,0.3,19,0.07938100242969794,0.7428817746356954,0.30075,0.2227392243821875,4
beta_sweep,0,100,4000,0.15,0.3,20,0.05202250647084696,0.787493440519807,0.41625,0.26074742914451654,3
beta_sweep,0,100,4000,0.15,0.3,21,0.0720949507472243,0.7524428126714702,0.31,0.2284981059769115,3
beta_sweep,0,100,4000,0.15,0.3,22,0.051465682711002915,0.7877129717386876,0.364,0.20833098338458564,4
beta_sweep,0,100,4000,0.15,0.3,23,0.061649574733404135,0.7686255654377394,0.31625,0.23288197011336625,6
beta_sweep,0,100,4000,0.15,0.3,24,0.07224978358290719,0.7598201155671467,0.345,0.21668777816952087,3
beta_sweep,0,100,4000,0.15,0.3,25,0.07442060254670482,0.7486616337015604,0.30075,0.21821287766196976,3
beta_sweep,0,100,4000,0.15,0.3,26,0.07005119562088083,0.7653580974882561,0.3495,0.23199669885423002,4
beta_sweep,0,100,4000,0.15,0.3,27,0.07856099291558687,0.7469996256245494,0.2565,0.20359296803752383,4
beta_sweep,0,100,4000,0.15,0.3,28,0.07576641868746957,0.749001823036667,0.31625,0.21147985968229352,3
beta_sweep,0,100,4000,0.15,0.3,29,0.06795648735567747,0.7605679773648881,0.32975,0.1936310375453689,5
beta_sweep,1,100,4000,0.15,0.3,0,0.07629482621168626,0.804205350712985,0.46825,0.276624369211408,3
beta_sweep,1,100,4000,0.15,0.3,1,0.07007591173513578,0.7983186877686622,0.40775,0.2292422425512677,4
beta_sweep,1,100,4000,0.15,0.3,2,0.07127967062441509,0.7914211335406424,0.34775,0.21632204514424586,4
beta_sweep,1,100,4000,0.15,0.3,3,0.0790292658280705,0.7869595731175428,0.398,0.2299876610265898,4
beta_sweep,1,100,4000,0.15,0.3,4,0.061766936361297056,0.8086300294485756,0.42225,0.25312270632441813,4
beta_sweep,1,100,4000,0.15,0.3,5,0.0699539202491544,0.7940575809897504,0.36175,0.2038932745994366,4
beta_sweep,1,100,4000,0.15,0.3,6,0.06444614173556115,0.7970867398197592,0.39775,0.21355705840042621,3
beta_sweep,1,100,4000,0.15,0.3,7,0.07734217925553406,0.794594042228206,0.42675,0.2188282856279445,3
beta_sweep,1,100,4000,0.15,0.3,8,0.0740100797467301,0.7936143850503298,0.3795,0.21024522222325087,4
beta_sweep,1,100,4000,0.15,0.3,9,0.0594555082054675,0.805708072766119,0.3995,0.22340110299369773,3
beta_sweep,1,100,4000,0.15,0.3,10,0.06498827437752772,0.8064148190255731,0.4215,0.21901542233874027,3
beta_sweep,1,100,4000,0.15,0.3,11,0.06315756328174169,0.8175085478171121,0.513,0.2462668680138372,6
beta_sweep,1,100,4000,0.15,0.3,12,0.07043551853472015,0.7952851826498692,0.40375,0.22695635702695205,3
beta_sweep,1,100,4000,0.15,0.3,13,0.07378211107341193,0.7987627581428212,0.4155,0.21774409834106692,3
beta_sweep,1,100,4000,0.15,0.3,14,0.0663190922966796,0.8031689507753148,0.40675,0.22381305371813243,4
beta_sweep,1,100,4000,0.15,0.3,15,0.06529236109547791,0.8144125075742967,0.4495,0.26029496146084424,3
beta_sweep,1,100,4000,0.15,0.3,16,0.06634711295572102,0.8066128356069229,0.4415,0.20042274701578736,4
beta_sweep,1,100,4000,0.15,0.3,17,0.06965802443944967,0.7938315721890263,0.40125,0.21852581959743456,3
beta_sweep,1,100,4000,0.15,0.3,18,0.06748027795683469,0.8046155916205143,0.43425,0.25522490405435955,3
beta_sweep,1,100,4000,0.15,0.3,19,0.08338717543540047,0.7838663472428865,0.407,0.21398895369401194,3
beta_sweep,1,100,4000,0.15,0.3,20,0.06994676806893749,0.792092213809929,0.334,0.22933964653491698,4
beta_sweep,1,100,4000,0.15,0.3,21,0.07879202659028293,0.7880452349126342,0.4,0.22560578586058308,4
beta_sweep,1,100,4000,0.15,0.3,22,0.07417407404235958,0.7958496371670604,0.41475,0.22519119076895353,3
beta_sweep,1,100,4000,0.15,0.3,23,0.06253290803579038,0.8042841829044076,0.41925,0.25634918839116916,4
beta_sweep,1,100,4000,0.15,0.3,24,0.06855164403601494,0.8001113110319737,0.4055,0.2163907470357273,4
beta_sweep,1,100,4000,0.15,0.3,25,0.08121632524283715,0.8033898045947964,0.4695,0.23307859767642464,3
beta_sweep,1,100,4000,0.15,0.3,26,0.06845467276696074,0.8034906386915865,0.461,0.2412568257055486,3
beta_sweep,1,100,4000,0.15,0.3,27,0.07325783031722949,0.7989946210649487,0.40975,0.24409867592445325,4
beta_sweep,1,100,4000,0.15,0.3,28,0.05750527085510144,0.8101218457074256,0.4205,0.19914398268303712,4
beta_sweep,1,100,4000,0.15,0.3,29,0.08046252051244988,0.7944024525807658,0.432,0.21614025896459887,3
beta_sweep,2,100,4000,0.15,0.3,0,0.07645773067162417,0.8303747831340136,0.45,0.21636050460447642,4
beta_sweep,2,100,4000,0.15,0.3,1,0.06410406091443442,0.8393757955242747,0.50875,0.2359652348449999,4
beta_sweep,2,100,4000,0.15,0.3,2,0.07242943965751213,0.8338136803304472,0.5115,0.2436967582963587,4
beta_sweep,2,100,4000,0.15,0.3,3,0.054763559069852585,0.844996294436444,0.54175,0.3440766482359326,4
beta_sweep,2,100,4000,0.15,0.3,4,0.07776258334620785,0.8337018144568389,0.49675,0.22463056669617756,6
beta_sweep,2,100,4000,0.15,0.3,5,0.06730369031872965,0.8426614162970977,0.51525,0.22688629390111378,4
beta_sweep,2,100,4000,0.15,0.3,6,0.06798095757288673,0.8231282831012148,0.40775,0.20502976041395216,4
beta_sweep,2,100,4000,0.15,0.3,7,0.07775247170356797,0.8233637141554777,0.41775,0.2097396672010987,4
beta_sweep,2,100,4000,0.15,0.3,8,0.06229066627453876,0.8291416023018064,0.4175,0.2284385053630888,4
beta_sweep,2,100,4000,0.15,0.3,9,0.07505299500934799,0.8295441853131946,0.50075,0.21735488900293223,4
beta_sweep,2,100,4000,0.15,0.3,10,0.06376843567502401,0.8480379292293124,0.5465,0.22211213254904763,4
beta_sweep,2,100,4000,0.15,0.3,11,0.05520576409801696,0.8381742072730367,0.4995,0.2533785519299095,3
beta_sweep,2,100,4000,0.15,0.3,12,0.0575902976098074,0.8327837547623804,0.438,0.19681447415988362,4
beta_sweep,2,100,4000,0.15,0.3,13,0.05794335473858357,0.8533590315265706,0.55925,0.2034123056692501,3
beta_sweep,2,100,4000,0.15,0.3,14,0.06973811334308558,0.8339945971037919,0.514,0.20078879358029839,3
beta_sweep,2,100,4000,0.15,0.3,15,0.0678986750084865,0.8397036238686466,0.50175,0.2204173401729205,4
beta_sweep,2,100,4000,0.15,0.3,16,0.05239017237798496,0.8604305247374088,0.604,0.2991630304369656,4
beta_sweep,2,100,4000,0.15,0.3,17,0.07890306765514307,0.8390185336432997,0.5365,0.21622232730702462,3
beta_sweep,2,100,4000,0.15,0.3,18,0.06673616716937587,0.8356922655578769,0.5145,0.20061625528660015,4
beta_sweep,2,100,4000,0.15,0.3,19,0.07643231110462084,0.8338943611886673,0.5115,0.2353231888742223,3
beta_sweep,2,100,4000,0.15,0.3,20,0.07085848594709238,0.8359526352680714,0.50225,0.22105236256580227,3
beta_sweep,2,100,4000,0.15,0.3,21,0.05825598413683414,0.8334523082255003,0.469,0.23012535086503594,3
beta_sweep,2,100,4000,0.15,0.3,22,0.07596870107920102,0.8307993607189496,0.5125,0.21083152974350225,3
beta_sweep,2,100,4000,0.15,0.3,23,0.07307168017671345,0.8312491876802184,0.4615,0.21614942169248325,4
beta_sweep,2,100,4000,0.15,0.3,24,0.06634860784378104,0.844034733474897,0.52,0.20962468509484522,4
beta_sweep,2,100,4000,0.15,0.3,25,0.062320974129182014,0.8361854184486762,0.50025,0.21334113683513456,3
beta_sweep,2,100,4000,0.15,0.3,26,0.06641835688749595,0.8455571044157786,0.53225,0.23061838434991483,3
beta_sweep,2,100,4000,0.15,0.3,27,0.07225162429444142,0.8249861586742049,0.41925,0.23182180043601872,4
beta_sweep,2,100,4000,0.15,0.3,28,0.07476393956822915,0.8292972238760554,0.48275,0.2224797441131696,5
beta_sweep,2,100,4000,0.15,0.3,29,0.07248881228148223,0.83885139943685,0.5085,0.2156250335114423,4
beta_sweep,5,100,4000,0.15,0.3,0,0.07764517445175753,0.922232483998603,0.7615,0.21688377840881318,4
beta_sweep,5,100,4000,0.15,0.3,1,0.07149946550187251,0.9086237182083391,0.69375,0.2235909603655062,4
beta_sweep,5,100,4000,0.15,0.3,2,0.07189540093145609,0.9030115054030771,0.63175,0.22515830388970282,4
beta_sweep,5,100,4000,0.15,0.3,3,0.07599260788640294,0.9281232168013762,0.77725,0.22922877569181052,3
beta_sweep,5,100,4000,0.15,0.3,4,0.06969926208824115,0.9223148513822783,0.765,0.21020449213379935,3
beta_sweep,5,100,4000,0.15,0.3,5,0.06917114251358895,0.9061485262787177,0.67225,0.21146051480370492,4
beta_sweep,5,100,4000,0.15,0.3,6,0.07819094917539586,0.924961479980208,0.7675,0.22820139395441233,3
beta_sweep,5,100,4000,0.15,0.3,7,0.0607815704323873,0.9148547025376143,0.721,0.2616897710904379,3
beta_sweep,5,100,4000,0.15,0.3,8,0.06879938142720063,0.924829173034757,0.74575,0.22695037217263694,4
beta_sweep,5,100,4000,0.15,0.3,9,0.07389557170121092,0.9271890313224194,0.77975,0.2461700626133445,4
beta_sweep,5,100,4000,0.15,0.3,10,0.05468578429006963,0.9149400124464869,0.736,0.1976719836657495,3
beta_sweep,5,100,4000,0.15,0.3,11,0.06059458829685771,0.906693914621222,0.69925,0.1886734989539039,3
beta_sweep,5,100,4000,0.15,0.3,12,0.08097390818800582,0.918186210862934,0.735,0.2334177524240017,4
beta_sweep,5,100,4000,0.15,0.3,13,0.09309039161889957,0.9255940629649552,0.77975,0.24198846544066255,3
beta_sweep,5,100,4000,0.15,0.3,14,0.06133084632312311,0.9176014252573386,0.73475,0.2616229159463918,3
beta_sweep,5,100,4000,0.15,0.3,15,0.07269362843133154,0.900739917037153,0.644,0.20416610898618817,4
beta_sweep,5,100,4000,0.15,0.3,16,0.07913023169369382,0.9051360468573907,0.64625,0.21620133451644996,4
beta_sweep,5,100,4000,0.15,0.3,17,0.05221585741059604,0.9150885915823516,0.739,0.1918271649004456,3
beta_sweep,5,100,4000,0.15,0.3,18,0.07192126308342794,0.918156967342903,0.73875,0.21918893622695246,3
beta_sweep,5,100,4000,0.15,0.3,19,0.06189154624109543,0.9239708314925698,0.75875,0.2083258237557043,3
beta_sweep,5,100,4000,0.15,0.3,20,0.0628830403327833,0.9191968250285175,0.72475,0.23303264496838344,4
beta_sweep,5,100,4000,0.15,0.3,21,0.06669383756868628,0.9116155694498067,0.69225,0.21743641366252867,4
beta_sweep,5,100,4000,0.15,0.3,22,0.06159537521297837,0.9115722088717004,0.7195,0.19773792188771752,3
beta_sweep,5,100,4000,0.15,0.3,23,0.07616704651765079,0.9077400974882611,0.6895,0.24005020139942834,3
beta_sweep,5,100,4000,0.15,0.3,24,0.09179020541619687,0.9237267096494879,0.768,0.22271379043024647,4
beta_sweep,5,100,4000,0.15,0.3,25,0.06705045168837692,0.9218883083794948,0.7525,0.24035502233690595,3
beta_sweep,5,100,4000,0.15,0.3,26,0.08090637042885783,0.9221359925246011,0.7635,0.2207504545128736,4
beta_sweep,5,100,4000,0.15,0.3,27,0.07458625278615093,0.9251981106404408,0.76825,0.22489327588669042,3
beta_sweep,5,100,4000,0.15,0.3,28,0.07161125552338116,0.9302388451737406,0.7675,0.251060675243013,4
beta_sweep,5,100,4000,0.15,0.3,29,0.08230873115551658,0.9262457452234854,0.773,0.22633941372947108,3
beta_sweep,10,100,4000,0.15,0.3,0,0.0492506289871718,0.9715622763065606,0.9205,0.20171638795203956,3
beta_sweep,10,100,4000,0.15,0.3,1,0.0614015581126959,0.9656330992287631,0.91,0.2675230231784561,3
beta_sweep,10,100,4000,0.15,0.3,2,0.07351446716934346,0.9740857038007413,0.9355,0.21790339894963281,3
beta_sweep,10,100,4000,0.15,0.3,3,0.05503522603727642,0.9666322713159833,0.9065,0.23457454456082152,3
beta_sweep,10,100,4000,0.15,0.3,4,0.06211985262983574,0.96928670298879,0.92625,0.18005053215880887,3
beta_sweep,10,100,4000,0.15,0.3,5,0.07542907745841008,0.9688998960130931,0.916,0.2278947193262943,3
beta_sweep,10,100,4000,0.15,0.3,6,0.06438872294406495,0.975189217040771,0.94625,0.2574347704815631,3
beta_sweep,10,100,4000,0.15,0.3,7,0.0855282025996514,0.9659941304915867,0.87375,0.22323026142692715,4
beta_sweep,10,100,4000,0.15,0.3,8,0.061385196627493706,0.9744365515048133,0.952,0.2587946709626692,2
beta_sweep,10,100,4000,0.15,0.3,9,0.07249639464570427,0.9606322208740989,0.8495,0.23174416385898627,4
beta_sweep,10,100,4000,0.15,0.3,10,0.062444380793696845,0.9682054148248466,0.9085,0.30892615596312695,3
beta_sweep,10,100,4000,0.15,0.3,11,0.06620460587499015,0.9625340035969996,0.8645,0.23096294843917356,4
beta_sweep,10,100,4000,0.15,0.3,12,0.07537612054435554,0.9676102304142311,0.886,0.22131611423786163,4
beta_sweep,10,100,4000,0.15,0.3,13,0.06237462047971217,0.9722384200715887,0.92675,0.21813793010993832,3
beta_sweep,10,100,4000,0.15,0.3,14,0.06311182629599309,0.9577531020890356,0.8595,0.19938239642580208,4
beta_sweep,10,100,4000,0.15,0.3,15,0.07053983313246542,0.9700927397597374,0.9155,0.2259032782029617,3
beta_sweep,10,100,4000,0.15,0.3,16,0.07081816707444982,0.9709486064803795,0.91575,0.22131876371978002,3
beta_sweep,10,100,4000,0.15,0.3,17,0.07350317713214558,0.9692990820299642,0.9175,0.22493827081857495,3
beta_sweep,10,100,4000,0.15,0.3,18,0.07818975395444036,0.9749509511042718,0.93825,0.23910203728134574,3
beta_sweep,10,100,4000,0.15,0.3,19,0.07605711777835751,0.9622232142472258,0.87675,0.21704050932887814,4
beta_sweep,10,100,4000,0.15,0.3,20,0.07066180890298017,0.9706632709934375,0.92525,0.24974843630312707,3
beta_sweep,10,100,4000,0.15,0.3,21,0.06694438165247615,0.9654853575374944,0.8845,0.18652821127750105,4
beta_sweep,10,100,4000,0.15,0.3,22,0.0715711645147273,0.9642961704906328,0.88325,0.2602790864801145,4
beta_sweep,10,100,4000,0.15,0.3,23,0.07605637617739947,0.9677650224840986,0.919,0.22413807907754396,3
beta_sweep,10,100,4000,0.15,0.3,24,0.07315114470342214,0.9693689834899667,0.9115,0.24541853210251893,4
beta_sweep,10,100,4000,0.15,0.3,25,0.06844636457347754,0.9750989384787229,0.93375,0.21744507953228603,3
beta_sweep,10,100,4000,0.15,0.3,26,0.03573052231896918,0.9584158442322616,0.9015,0.3023152317049127,2
beta_sweep,10,100,4000,0.15,0.3,27,0.0824333067549732,0.9650741101876497,0.8665,0.22117237921121327,4
beta_sweep,10,100,4000,0.15,0.3,28,0.08423841379962212,0.9660426621894548,0.87825,0.211871656619562,4
beta_sweep,10,100,4000,0.15,0.3,29,0.06681781308393644,0.9624912975757751,0.86475,0.21265274676170887,4
beta_sweep,20,100,4000,0.15,0.3,0,0.07245847799247071,0.9879150921523004,0.99325,0.22288463310288903,3
beta_sweep,20,100,4000,0.15,0.3,1,0.07149826858601918,0.9835870554725359,0.97625,0.21174703236874348,4
beta_sweep,20,100,4000,0.15,0.3,2,0.07643256733186045,0.9896180856965638,0.98225,0.21194845674316426,4
beta_sweep,20,100,4000,0.15,0.3,3,0.07382310051500471,0.9892764595504575,0.9835,0.20487601795035243,4
beta_sweep,20,100,4000,0.15,0.3,4,0.07525718443607256,0.9835755451664493,0.988,0.2600674871724517,3
beta_sweep,20,100,4000,0.15,0.3,5,0.07545722032799154,0.9868433824451197,0.98725,0.20508979947451064,3
beta_sweep,20,100,4000,0.15,0.3,6,0.06927714252251103,0.9866150359751914,0.978,0.2116628389110524,4
beta_sweep,20,100,4000,0.15,0.3,7,0.08067007358709503,0.9876764554547338,0.97925,0.23647044064851638,4
beta_sweep,20,100,4000,0.15,0.3,8,0.07812917676098091,0.9903697558791492,0.9845,0.2175557506867161,4
beta_sweep,20,100,4000,0.15,0.3,9,0.07022341719744885,0.985012983189887,0.9745,0.21460031456237277,4
beta_sweep,20,100,4000,0.15,0.3,10,0.07361263596045772,0.989535171012417,0.982,0.23718783986446224,4
beta_sweep,20,100,4000,0.15,0.3,11,0.06446617982735488,0.9820407895626823,0.9645,0.25894281451151224,4
beta_sweep,20,100,4000,0.15,0.3,12,0.0840219287090778,0.9897865713404207,0.9785,0.214915445798722,4
beta_sweep,20,100,4000,0.15,0.3,13,0.06928610062223765,0.9894456923684557,0.98375,0.20230030897654355,4
beta_sweep,20,100,4000,0.15,0.3,14,0.07619417140253253,0.9894738125927507,0.9845,0.21085589855650008,4
beta_sweep,20,100,4000,0.15,0.3,15,0.06675632624970657,0.9896344891525488,0.97925,0.20752694532609364,4
beta_sweep,20,100,4000,0.15,0.3,16,0.07392337243041515,0.9851515495687938,0.97775,0.2356931460401928,4
beta_sweep,20,100,4000,0.15,0.3,17,0.07120832938648282,0.9870236694586603,0.9805,0.20849319643351802,4
beta_sweep,20,100,4000,0.15,0.3,18,0.07157002712209998,0.9862941714831671,0.98825,0.20686996588554432,3
beta_sweep,20,100,4000,0.15,0.3,19,0.07213140805841513,0.9860171841505921,0.979,0.23039986804504328,4
beta_sweep,20,100,4000,0.15,0.3,20,0.06798147475779015,0.9885664779828148,0.98925,0.22229867378979956,3
beta_sweep,20,100,4000,0.15,0.3,21,0.07198997190474062,0.9884545451987278,0.98325,0.2063199531974486,4
beta_sweep,20,100,4000,0.15,0.3,22,0.07446912931542539,0.9876036978526344,0.97775,0.21626861466830938,4
beta_sweep,20,100,4000,0.15,0.3,23,0.07494604937778482,0.9856094888748276,0.977,0.2250092941320217,4
beta_sweep,20,100,4000,0.15,0.3,24,0.06979192498867373,0.9913514352613829,0.98425,0.2104085375363912,4
beta_sweep,20,100,4000,0.15,0.3,25,0.06730550175706324,0.9822574697094425,0.9785,0.24342209976475507,3
beta_sweep,20,100,4000,0.15,0.3,26,0.05753753202531073,0.9841741865075591,0.9865,0.2558514107461027,3
beta_sweep,20,100,4000,0.15,0.3,27,0.08419127159072358,0.991000007017742,0.98625,0.21733240084994118,4
beta_sweep,20,100,4000,0.15,0.3,28,0.0720378775321951,0.9898033073484139,0.9865,0.2011690171861156,4
beta_sweep,20,100,4000,0.15,0.3,29,0.0670689609550304,0.9844484963812801,0.9595,0.20254165839610827,5
