tag,beta,epsilon,N,T,mu,seed,variance,engagement,update_rate,bimodality,n_clusters
eps_sweep,0,0.05,100,4000,0.3,0,0.07803400421902512,0.7396898219548119,0.11325,0.1985681597520926,11
eps_sweep,0,0.05,100,4000,0.3,1,0.0855720438844143,0.7345262588418134,0.1095,0.2346372962769772,12
eps_sweep,0,0.05,100,4000,0.3,2,0.09432738780310529,0.7227388099728135,0.103,0.20984263350872742,11
eps_sweep,0,0.05,100,4000,0.3,3,0.07079620824464096,0.7524430544798472,0.1,0.19825725334655359,12
eps_sweep,0,0.05,100,4000,0.3,4,0.07683110294236693,0.7475382425495988,0.10575,0.1986998176324579,11
eps_sweep,0,0.05,100,4000,0.3,5,0.08816010848534148,0.7323183690343581,0.09975,0.20957770464494213,11
eps_sweep,0,0.05,100,4000,0.3,6,0.0783701866183923,0.7437298602652622,0.106,0.20601392337389252,12
eps_sweep,0,0.05,100,4000,0.3,7,0.07692077257932779,0.7440031291633042,0.12025,0.20379527128571662,10
eps_sweep,0,0.05,100,4000,0.3,8,0.07939144123686974,0.7421151327394685,0.106,0.22097981084108087,11
eps_sweep,0,0.05,100,4000,0.3,9,0.07845092048309045,0.7363564512015911,0.08875,0.20855267696185004,15
eps_sweep,0,0.05,100,4000,0.3,10,0.07457651862470527,0.7473996973499524,0.10175,0.20253193577889494,13
eps_sweep,0,0.05,100,4000,0.3,11,0.08236334270581032,0.731617868900549,0.094,0.20562833661593746,11
eps_sweep,0,0.05,100,4000,0.3,12,0.08807021772216952,0.7254213743515454,0.10875,0.21411755784616548,12
eps_sweep,0,0.05,100,4000,0.3,13,0.08653363626824513,0.7317654964736257,0.1135,0.21696780337569033,13
eps_sweep,0,0.05,100,4000,0.3,14,0.09253372317986187,0.7239256431265347,0.09875,0.21338591259021641,12
eps_sweep,0,0.05,100,4000,0.3,15,0.06944059746353644,0.7524417691179575,0.09875,0.20123253444285955,12
eps_sweep,0,0.05,100,4000,0.3,16,0.08219949451634596,0.7349443954900815,0.11625,0.2033486071417473,11
eps_sweep,0,0.05,100,4000,0.3,17,0.07494349164963734,0.744654829499838,0.097,0.20512671640391747,9
eps_sweep,0,0.05,100,4000,0.3,18,0.07417820731635252,0.7501901526860654,0.10725,0.20198295151895201,10
eps_sweep,0,0.05,100,4000,0.3,19,0.07816360876059668,0.7454496806726514,0.119,0.20421836210544222,12
eps_sweep,0,0.05,100,4000,0.3,20,0.07978938698183986,0.7396645686166311,0.1105,0.19313844984644749,13
eps_sweep,0,0.05,100,4000,0.3,21,0.06681415028704275,0.756970510540207,0.10075,0.1980297742489295,13
eps_sweep,0,0.05,100,4000,0.3,22,0.08514853889044513,0.7341917537237858,0.10925,0.2107846209657226,14
eps_sweep,0,0.05,100,4000,0.3,23,0.07969759443023984,0.7380889049079515,0.10375,0.21157844030747106,11
eps_sweep,0,0.05,100,4000,0.3,24,0.08546293813067168,0.7348122107934653,0.09525,0.21002429572376505,13
eps_sweep,0,0.05,100,4000,0.3,25,0.08525187955157222,0.7367616086773796,0.10575,0.20525818132600873,12
eps_sweep,0,0.05,100,4000,0.3,26,0.10678471030616528,0.7136499200210119,0.10575,0.22021402631196613,14
eps_sweep,0,0.05,100,4000,0.3,27,0.08560880938371537,0.7339152093298751,0.095,0.20872172950322235,12
eps_sweep,0,0.05,100,4000,0.3,28,0.0787999422937215,0.7385079369035263,0.096,0.2048264563994836,12
eps_sweep,0,0.05,100,4000,0.3,29,0.08308062303158593,0.737367715666869,0.10025,0.20696791545475343,13
eps_sweep,0,0.1,100,4000,0.3,0,0.08310558428736059,0.742631414988507,0.24325,0.2523790630335711,4
eps_sweep,0,0.1,100,4000,0.3,1,0.07750990683187615,0.7465441413310944,0.184,0.20100383362057675,6
eps_sweep,0,0.1,100,4000,0.3,2,0.08167565408619953,0.7408797372337532,0.24775,0.2416334168350357,4
eps_sweep,0,0.1,100,4000,0.3,3,0.08618319078200117,0.7292689373106699,0.1895,0.21456130532047327,6
eps_sweep,0,0.1,100,4000,0.3,4,0.0988897682614717,0.7232726019247169,0.20775,0.22387784903229355,8
eps_sweep,0,0.1,100,4000,0.3,5,0.07297766598700296,0.7481893699115642,0.18975,0.20823319855249245,7
eps_sweep,0,0.1,100,4000,0.3,6,0.06931585031285767,0.7555314764063981,0.2,0.20076182598371736,8
eps_sweep,0,0.1,100,4000,0.3,7,0.08279330740785205,0.7386853309203285,0.2275,0.21593816249902506,4
eps_sweep,0,0.1,100,4000,0.3,8,0.08747164559254557,0.7330995703368811,0.2065,0.21402444296760126,6
eps_sweep,0,0.1,100,4000,0.3,9,0.07572586474478625,0.7457038571841625,0.20775,0.21076212953906504,5
eps_sweep,0,0.1,100,4000,0.3,10,0.07915620112144672,0.7402596356634796,0.194,0.21880659614874906,5
eps_sweep,0,0.1,100,4000,0.3,11,0.06829846607038424,0.7530478237128463,0.22975,0.2031582282665355,6
eps_sweep,0,0.1,100,4000,0.3,12,0.07045013333252659,0.7558295906068365,0.21525,0.20865099978288965,6
eps_sweep,0,0.1,100,4000,0.3,13,0.08457264331942654,0.7375471881051765,0.233,0.2199147967540579,7
eps_sweep,0,0.1,100,4000,0.3,14,0.07262316134536337,0.7416158687277481,0.19775,0.20240395601417466,10
eps_sweep,0,0.1,100,4000,0.3,15,0.08021398932738387,0.7451332452993824,0.2135,0.21581876927746094,7
eps_sweep,0,0.1,100,4000,0.3,16,0.08034059074388546,0.740690383444833,0.205,0.21018775823187957,5
eps_sweep,0,0.1,100,4000,0.3,17,0.07720194408024036,0.743787039238821,0.20025,0.21139227477941488,7
eps_sweep,0,0.1,100,4000,0.3,18,0.07766358797553118,0.7427995030631324,0.19775,0.20421120487840425,8
eps_sweep,0,0.1,100,4000,0.3,19,0.072816408937487,0.7516451592543306,0.2285,0.2134542209269699,5
eps_sweep,0,0.1,100,4000,0.3,20,0.0855309819210014,0.7329496335840112,0.18025,0.21263066302747863,6
eps_sweep,0,0.1,100,4000,0.3,21,0.07773377249544425,0.7438788260244289,0.207,0.21191048374419977,6
eps_sweep,0,0.1,100,4000,0.3,22,0.07426522999423335,0.7480387471160597,0.212,0.19799397645298322,6
eps_sweep,0,0.1,100,4000,0.3,23,0.06536155839210943,0.7637374085373313,0.259,0.24239038926972062,8
eps_sweep,0,0.1,100,4000,0.3,24,0.07433526672979396,0.746614007736836,0.182,0.2048348761465672,6
eps_sweep,0,0.1,100,4000,0.3,25,0.0805198263765277,0.7429872854119143,0.2255,0.21623500302425344,4
eps_sweep,0,0.1,100,4000,0.3,26,0.07772867171631366,0.7472785205016383,0.194,0.2189553334490599,5
eps_sweep,0,0.1,100,4000,0.3,27,0.06928997435546941,0.7526184972345238,0.24625,0.22176617637652896,6
eps_sweep,0,0.1,100,4000,0.3,28,0.08928254289348027,0.7247801276410609,0.22075,0.22029222441643526,7
eps_sweep,0,0.1,100,4000,0.3,29,0.07720064579076573,0.7451700298110832,0.22175,0.21539904678265973,6
eps_sweep,0,0.15,100,4000,0.3,0,0.059916657240934285,0.7713469895759609,0.30825,0.21709058678651832,5
eps_sweep,0,0.15,100,4000,0.3,1,0.051948495598721965,0.7866449985998536,0.3255,0.22307775798946194,5
eps_sweep,0,0.15,100,4000,0.3,2,0.07102811168938618,0.7571050000784464,0.32525,0.2229350998927401,3
eps_sweep,0,0.15,100,4000,0.3,3,0.07778782655862831,0.7495490635312826,0.3185,0.21341516072305852,4
eps_sweep,0,0.15,100,4000,0.3,4,0.06151550423112066,0.7739782037756686,0.36875,0.220841466941417,3
eps_sweep,0,0.15,100,4000,0.3,5,0.06311878828719154,0.7716764841237119,0.33325,0.20994856510753307,3
eps_sweep,0,0.15,100,4000,0.3,6,0.077811856242148,0.7500452184632593,0.33075,0.28159779894212844,3
eps_sweep,0,0.15,100,4000,0.3,7,0.06126497273593964,0.7864534635161426,0.42225,0.2932723169189084,3
eps_sweep,0,0.15,100,4000,0.3,8,0.06168720485361706,0.7704483698132004,0.31925,0.22122837198311635,5
eps_sweep,0,0.15,100,4000,0.3,9,0.07298650789753705,0.75566005419371,0.3235,0.23376724388975945,3
eps_sweep,0,0.15,100,4000,0.3,10,0.07965601833089242,0.7505867367945956,0.323,0.21514351520591393,3
eps_sweep,0,0.15,100,4000,0.3,11,0.07456718769846139,0.7523915814307922,0.30025,0.22241012019335338,7
eps_sweep,0,0.15,100,4000,0.3,12,0.06368413240571877,0.7624099492403098,0.27825,0.2024908623190111,4
eps_sweep,0,0.15,100,4000,0.3,13,0.057293266543375465,0.7895256409686277,0.407,0.22376046676651942,3
eps_sweep,0,0.15,100,4000,0.3,14,0.06927659387938308,0.7520657867735773,0.3125,0.21060506173405727,5
eps_sweep,0,0.15,100,4000,0.3,15,0.061640431665349736,0.762468679182584,0.3,0.22286372288333192,3
eps_sweep,0,0.15,100,4000,0.3,16,0.0681502644712438,0.7626937960509877,0.3335,0.2269079097008323,4
eps_sweep,0,0.15,100,4000,0.3,17,0.05606079104364496,0.7776235012912506,0.3775,0.2313423032247932,6
eps_sweep,0,0.15,100,4000,0.3,18,0.07178263501711225,0.7645995731601171,0.33825,0.1956150701840375,5
eps_sweep,0,0.15,100,4000,0.3,19,0.053856941427552714,0.7739393692431239,0.30275,0.21221512756516792,4
eps_sweep,0,0.15,100,4000,0.3,20,0.06517500363148365,0.7659666423126781,0.34125,0.19713018069207316,5
eps_sweep,0,0.15,100,4000,0.3,21,0.05638374542589267,0.7717514426653922,0.289,0.22366604091250436,5
eps_sweep,0,0.15,100,4000,0.3,22,0.05366359956151288,0.7780057107997281,0.356,0.18706007793181487,3
eps_sweep,0,0.15,100,4000,0.3,23,0.05642097065435321,0.7747176689611753,0.3675,0.23872102588738314,5
eps_sweep,0,0.15,100,4000,0.3,24,0.07171383617068997,0.7546071146125045,0.28325,0.2024529495984778,5
eps_sweep,0,0.15,100,4000,0.3,25,0.06388163800856281,0.7826106372155648,0.396,0.21653102580688088,3
eps_sweep,0,0.15,100,4000,0.3,26,0.05689264262499234,0.7781827751516115,0.33425,0.21671721564221413,3
eps_sweep,0,0.15,100,4000,0.3,27,0.06976296576655908,0.7573370152914823,0.33325,0.23677724126479607,3
eps_sweep,0,0.15,100,4000,0.3,28,0.07111500795578152,0.7621074849905792,0.31175,0.2134917761952981,4
eps_sweep,0,0.15,100,4000,0.3,29,0.056644063464114616,0.7880797189421019,0.3775,0.24426092656782156,4
eps_sweep,0,0.2,100,4000,0.3,0,0.06502927214007286,0.7823080883684228,0.46125,0.26908175935091705,3
eps_sweep,0,0.2,100,4000,0.3,1,0.05475802563134548,0.7969092074142307,0.48325,0.2685526502398974,4
eps_sweep,0,0.2,100,4000,0.3,2,0.05105893702590935,0.8011423509958016,0.48375,0.249040458340398,2
eps_sweep,0,0.2,100,4000,0.3,3,0.04908399667885896,0.79225132460728,0.46725,0.34030611591924737,2
eps_sweep,0,0.2,100,4000,0.3,4,0.06056243581489463,0.7663270772377758,0.402,0.286618580436595,2
eps_sweep,0,0.2,100,4000,0.3,5,0.07182083715950573,0.7779285433463368,0.48125,0.26825863946516326,2
eps_sweep,0,0.2,100,4000,0.3,6,0.05668856747634809,0.783790836138512,0.4495,0.253923071524917,3
eps_sweep,0,0.2,100,4000,0.3,7,0.05988512337848326,0.7896385209879085,0.4805,0.25495150615906725,2
eps_sweep,0,0.2,100,4000,0.3,8,0.0549570645531161,0.79061001756738,0.4585,0.24460898198213368,2
eps_sweep,0,0.2,100,4000,0.3,9,0.0795898037150229,0.7645043456476924,0.411,0.26093235485892136,3
eps_sweep,0,0.2,100,4000,0.3,10,0.04656356475833864,0.8004776348030918,0.48675,0.32304401145050404,4
eps_sweep,0,0.2,100,4000,0.3,11,0.061646666290667874,0.7779669728838426,0.449,0.2502334408307519,4
eps_sweep,0,0.2,100,4000,0.3,12,0.056459370335713306,0.7906013190767606,0.4695,0.25181652340677124,3
eps_sweep,0,0.2,100,4000,0.3,13,0.06109388696742268,0.783376298523712,0.4575,0.24377548594015916,3
eps_sweep,0,0.2,100,4000,0.3,14,0.03626033603008122,0.8354321832807899,0.56525,0.30085031282307517,4
eps_sweep,0,0.2,100,4000,0.3,15,0.04349129688653271,0.8097896178847844,0.4925,0.2943168610114415,2
eps_sweep,0,0.2,100,4000,0.3,16,0.05265735351986206,0.7977276285607182,0.4425,0.23405495025245948,6
eps_sweep,0,0.2,100,4000,0.3,17,0.0606560241174274,0.7786224310476136,0.45025,0.2530486720963688,3
eps_sweep,0,0.2,100,4000,0.3,18,0.056129019680258664,0.799973735488913,0.50575,0.2943149078423933,2
eps_sweep,0,0.2,100,4000,0.3,19,0.054792244061179725,0.7942172937750882,0.47225,0.2517002921608606,2
eps_sweep,0,0.2,100,4000,0.3,20,0.05116938560443503,0.7937933117229151,0.42275,0.20585071563794285,4
eps_sweep,0,0.2,100,4000,0.3,21,0.03007378087359639,0.825109461602716,0.559,0.6317772000525909,2
eps_sweep,0,0.2,100,4000,0.3,22,0.060249887774448105,0.789056877675734,0.479,0.25495149073236856,2
eps_sweep,0,0.2,100,4000,0.3,23,0.0652470418624696,0.7661142964972425,0.35775,0.2244371329527124,3
eps_sweep,0,0.2,100,4000,0.3,24,0.048758165269895876,0.7904847373702215,0.44425,0.2868620593315895,2
eps_sweep,0,0.2,100,4000,0.3,25,0.03295550754642379,0.8238305138305596,0.483,0.24904048632372183,2
eps_sweep,0,0.2,100,4000,0.3,26,0.07617808318038384,0.7696470050518526,0.47225,0.24549527377257838,2
eps_sweep,0,0.2,100,4000,0.3,27,0.04979040327806964,0.8017432427394691,0.471,0.24737793812912612,4
eps_sweep,0,0.2,100,4000,0.3,28,0.05293296394322819,0.7872619701108234,0.4625,0.25879438092483065,2
eps_sweep,0,0.2,100,4000,0.3,29,0.05833289050677024,0.793678681478408,0.48375,0.2517003020082497,2
eps_sweep,0,0.3,100,4000,0.3,0,0.039210297122470573,0.8168000270635978,0.50975,0.2632302027544089,2
eps_sweep,0,0.3,100,4000,0.3,1,3.231288902643421e-12,0.9161634743767861,0.85075,0.32330034349883513,1
eps_sweep,0,0.3,100,4000,0.3,2,0.03125626094221236,0.8424616760843069,0.59575,0.4013392850879712,2
eps_sweep,0,0.3,100,4000,0.3,3,0.03842830299142084,0.8261517070501195,0.546,0.3023157507568404,2
eps_sweep,0,0.3,100,4000,0.3,4,1.8017849611713747e-12,0.9251777015267549,0.8715,0.32330034350091086,1
eps_sweep,0,0.3,100,4000,0.3,5,0.0015000857577065927,0.9319488457557876,0.893,0.9694069008273078,2
eps_sweep,0,0.3,100,4000,0.3,6,0.05878147024650285,0.7946399705289076,0.4995,0.24697246052072883,2
eps_sweep,0,0.3,100,4000,0.3,7,0.004914322822076456,0.9175741106936451,0.83725,0.043332545566405915,5
eps_sweep,0,0.3,100,4000,0.3,8,0.0028298305093787768,0.9237396074528729,0.86375,0.9394694275323417,2
eps_sweep,0,0.3,100,4000,0.3,9,0.0409947276341879,0.844033624813301,0.631,0.44524275489331067,2
eps_sweep,0,0.3,100,4000,0.3,10,3.024836757842629e-11,0.9178334456310239,0.85175,0.32330062251796315,1
eps_sweep,0,0.3,100,4000,0.3,11,0.0601638664337643,0.7926604507196193,0.5065,0.2682587252905295,2
eps_sweep,0,0.3,100,4000,0.3,12,0.024166581479729145,0.8613163285537332,0.6635,0.5307472249008641,2
eps_sweep,0,0.3,100,4000,0.3,13,1.2869300974085733e-13,0.9377728785856407,0.9035,0.3233003435023878,1
eps_sweep,0,0.3,100,4000,0.3,14,1.9692040395727975e-13,0.9370494630792202,0.90325,0.3233003435023653,1
eps_sweep,0,0.3,100,4000,0.3,15,4.740842757948891e-12,0.9165506012584067,0.8505,0.32330034349996223,1
eps_sweep,0,0.3,100,4000,0.3,16,0.011592465894553136,0.9113218756646775,0.7945,0.7482667974862702,3
eps_sweep,0,0.3,100,4000,0.3,17,0.042608859312556334,0.8138348302925672,0.5135,0.2517002785362472,2
eps_sweep,0,0.3,100,4000,0.3,18,0.0028279584932877156,0.9308997862699807,0.87625,0.9393456953688631,2
eps_sweep,0,0.3,100,4000,0.3,19,0.05574716884716469,0.8217739764289442,0.59025,0.3751101941382379,2
eps_sweep,0,0.3,100,4000,0.3,20,1.6301998258208393e-14,0.9520102721064617,0.936,0.3233003435023976,1
eps_sweep,0,0.3,100,4000,0.3,21,0.05110297161760303,0.82079517973429,0.57225,0.3629055527542678,2
eps_sweep,0,0.3,100,4000,0.3,22,0.0058750831801746605,0.9380852354503882,0.883,0.18667058666581854,5
eps_sweep,0,0.3,100,4000,0.3,23,1.1748212701295325e-10,0.898463189960466,0.8065,0.3233012254623565,1
eps_sweep,0,0.3,100,4000,0.3,24,0.0024433869969572434,0.9392336067727226,0.90475,0.9694066578266572,2
eps_sweep,0,0.3,100,4000,0.3,25,0.004198440905252354,0.9290307982361782,0.873,0.14473946784281186,3
eps_sweep,0,0.3,100,4000,0.3,26,4.007878564544947e-13,0.9336003660389948,0.89775,0.32330034350228143,1
eps_sweep,0,0.3,100,4000,0.3,27,0.0564560572761474,0.7998313273678063,0.50925,0.2549515033575802,2
eps_sweep,0,0.3,100,4000,0.3,28,0.06740565330590767,0.7903489661207769,0.511,0.24460905442669506,2
eps_sweep,0,0.3,100,4000,0.3,29,0.04961915601175956,0.8090467057298449,0.532,0.2869069984437605,2
eps_sweep,0,0.5,100,4000,0.3,0,1.329993632115831e-16,0.9773012160317163,0.99225,0.3233003435023977,1
eps_sweep,0,0.5,100,4000,0.3,1,9.495047335543558e-17,0.9782919386663363,0.99225,0.3233003435023977,1
eps_sweep,0,0.5,100,4000,0.3,2,7.3948573616097615e-16,0.9769486944298174,0.9925,0.3233003435023977,1
eps_sweep,0,0.5,100,4000,0.3,3,7.284464696924937e-16,0.9760807014058961,0.99075,0.3233003435023977,1
eps_sweep,0,0.5,100,4000,0.3,4,4.656308882466326e-16,0.977246412908491,0.992,0.3233003435023977,1
eps_sweep,0,0.5,100,4000,0.3,5,5.019241916748919e-16,0.9734260166824101,0.98825,0.3233003435023977,1
eps_sweep,0,0.5,100,4000,0.3,6,1.8423712718455295e-16,0.9825502220554315,0.9965,0.3233003435023977,1
eps_sweep,0,0.5,100,4000,0.3,7,1.8996470849643476e-16,0.977261543261009,0.99175,0.3233003435023977,1
eps_sweep,0,0.5,100,4000,0.3,8,7.728976778930601e-16,0.9755043527755369,0.99075,0.3233003435023977,1
eps_sweep,0,0.5,100,4000,0.3,9,2.7610222041001322e-15,0.9753189472140458,0.98975,0.3233003435023977,1
eps_sweep,0,0.5,100,4000,0.3,10,6.85029158257758e-16,0.9771890707289482,0.99125,0.3233003435023977,1
eps_sweep,0,0.5,100,4000,0.3,11,8.752392212425202e-17,0.9750158524582169,0.98975,0.3233003435023977,1
eps_sweep,0,0.5,100,4000,0.3,12,1.2505006446504624e-15,0.9730878996198388,0.98675,0.3233003435023977,1
eps_sweep,0,0.5,100,4000,0.3,13,1.0242391148644285e-15,0.973383655004643,0.987,0.3233003435023977,1
eps_sweep,0,0.5,100,4000,0.3,14,1.2495791439845746e-16,0.9773731904699714,0.99225,0.3233003435023977,1
eps_sweep,0,0.5,100,4000,0.3,15,2.1280431206023464e-16,0.9728275786342881,0.98575,0.3233003435023977,1
eps_sweep,0,0.5,100,4000,0.3,16,1.4719612219261812e-16,0.9783951719875589,0.99225,0.3233003435023977,1
eps_sweep,0,0.5,100,4000,0.3,17,8.746459666737722e-16,0.9740453219775979,0.98775,0.3233003435023977,1
eps_sweep,0,0.5,100,4000,0.3,18,3.0360761116664916e-16,0.9789843021577141,0.99425,0.3233003435023977,1
eps_sweep,0,0.5,100,4000,0.3,19,5.635915697796529e-17,0.9770009827443646,0.99125,0.3233003435023977,1
eps_sweep,0,0.5,100,4000,0.3,20,1.2336589793808258e-16,0.9762130803232841,0.991,0.3233003435023977,1
eps_sweep,0,0.5,100,4000,0.3,21,8.075983015894387e-17,0.9761174597124069,0.99025,0.3233003435023977,1
eps_sweep,0,0.5,100,4000,0.3,22,1.7418101596972432e-16,0.97891569373669,0.9935,0.3233003435023977,1
eps_sweep,0,0.5,100,4000,0.3,23,6.328117168920688e-17,0.9778726629069222,0.9925,0.3233003435023977,1
eps_sweep,0,0.5,100,4000,0.3,24,3.4378872341161085e-17,0.9788876916597712,0.9945,0.3233003435023977,1
eps_sweep,0,0.5,100,4000,0.3,25,8.358468049025621e-17,0.97372499645627,0.988,0.3233003435023977,1
eps_sweep,0,0.5,100,4000,0.3,26,0.0029557280150451586,0.9673614775337721,0.97,0.969406612015813,2
eps_sweep,0,0.5,100,4000,0.3,27,3.3611298630966634e-16,0.9746391924433784,0.99,0.3233003435023977,1
eps_sweep,0,0.5,100,4000,0.3,28,1.7772384470681743e-16,0.977199676353247,0.99175,0.3233003435023977,1
eps_sweep,0,0.5,100,4000,0.3,29,0.0029595996855328382,0.9647844190529795,0.9685,0.9694066117580905,2
eps_sweep,5,0.05,100,4000,0.3,0,0.08052328059320057,0.8702531159866439,0.2785,0.20776950004986522,12
eps_sweep,5,0.05,100,4000,0.3,1,0.08054703586495532,0.8747348024804139,0.29075,0.21692473268031418,10
eps_sweep,5,0.05,100,4000,0.3,2,0.07963890976583565,0.8769503274987344,0.3165,0.2204779097127353,11
eps_sweep,5,0.05,100,4000,0.3,3,0.0723575175924243,0.8738527352272438,0.2895,0.21451098333494895,11
eps_sweep,5,0.05,100,4000,0.3,4,0.08683590162729357,0.8739349554056557,0.31975,0.23345547717684242,10
eps_sweep,5,0.05,100,4000,0.3,5,0.07829117801932478,0.8740544129676036,0.2875,0.21263680082368605,11
eps_sweep,5,0.05,100,4000,0.3,6,0.07646350649085053,0.873907844605541,0.344,0.2018074956944365,8
eps_sweep,5,0.05,100,4000,0.3,7,0.09331698361604643,0.8771187926622558,0.36675,0.21330612345910538,9
eps_sweep,5,0.05,100,4000,0.3,8,0.07316075320592268,0.8710726985392865,0.30375,0.20110317886034298,11
eps_sweep,5,0.05,100,4000,0.3,9,0.08577832284152388,0.8818874862578991,0.367,0.21430258565059984,10
eps_sweep,5,0.05,100,4000,0.3,10,0.08286936213932612,0.8722325465570026,0.3335,0.20254859093675195,10
eps_sweep,5,0.05,100,4000,0.3,11,0.08966379909742744,0.8732632155824094,0.2985,0.21099137644496962,10
eps_sweep,5,0.05,100,4000,0.3,12,0.07963636833412452,0.8732455499220427,0.29675,0.20627937933952667,11
eps_sweep,5,0.05,100,4000,0.3,13,0.06794575086587834,0.8752374115429709,0.354,0.18939955083935928,10
eps_sweep,5,0.05,100,4000,0.3,14,0.09029737233186651,0.8749438606379689,0.34525,0.2127041291430828,11
eps_sweep,5,0.05,100,4000,0.3,15,0.08903794628400004,0.8752535614133073,0.329,0.21257773081323603,10
eps_sweep,5,0.05,100,4000,0.3,16,0.08082045338707484,0.874226291193558,0.293,0.20642943378433143,11
eps_sweep,5,0.05,100,4000,0.3,17,0.08638958604381029,0.8749247540377847,0.321,0.20888918745002027,12
eps_sweep,5,0.05,100,4000,0.3,18,0.06229635246801988,0.8705512398708428,0.25425,0.19631115863340026,11
eps_sweep,5,0.05,100,4000,0.3,19,0.0882254752295227,0.8797104083455041,0.33725,0.23028161414776824,10
eps_sweep,5,0.05,100,4000,0.3,20,0.08255546065809737,0.8767752583012355,0.334,0.20645135218638885,11
eps_sweep,5,0.05,100,4000,0.3,21,0.09014778524375808,0.8804816111054296,0.37775,0.20466004176961328,9
eps_sweep,5,0.05,100,4000,0.3,22,0.0916255445907887,0.8793746469107443,0.37225,0.20852205451520375,10
eps_sweep,5,0.05,100,4000,0.3,23,0.07334410590125154,0.87413527286171,0.323,0.21054652929460912,9
eps_sweep,5,0.05,100,4000,0.3,24,0.06981785661993474,0.8758413048417879,0.31625,0.19985987582131798,10
eps_sweep,5,0.05,100,4000,0.3,25,0.092587654903894,0.8783401373407944,0.3345,0.2126580766971468,11
eps_sweep,5,0.05,100,4000,0.3,26,0.08323305034976672,0.8748036983235478,0.27025,0.21007019332251137,12
eps_sweep,5,0.05,100,4000,0.3,27,0.0926701954779385,0.873842664384119,0.3235,0.20645895552373408,10
eps_sweep,5,0.05,100,4000,0.3,28,0.08316488299130365,0.8764059592247126,0.315,0.21014224321100622,10
eps_sweep,5,0.05,100,4000,0.3,29,0.08539301177131094,0.872223839325886,0.287,0.20706637403549774,12
eps_sweep,5,0.1,100,4000,0.3,0,0.07412385905058777,0.8936495748522353,0.55125,0.2097332885089949,6
eps_sweep,5,0.1,100,4000,0.3,1,0.08233479377586202,0.8956382787064581,0.53525,0.22792736414066317,6
eps_sweep,5,0.1,100,4000,0.3,2,0.06668734257005068,0.889265379076329,0.50675,0.22603346805912683,5
eps_sweep,5,0.1,100,4000,0.3,3,0.07624459085656869,0.8962865921113713,0.58325,0.20433177039567252,5
eps_sweep,5,0.1,100,4000,0.3,4,0.08029815280233273,0.8875853916632123,0.4885,0.23221085909960806,6
eps_sweep,5,0.1,100,4000,0.3,5,0.08077148997700746,0.8930138346584696,0.5575,0.21450603443685293,7
eps_sweep,5,0.1,100,4000,0.3,6,0.07944693134643724,0.899569864838491,0.6085,0.21694535168434426,6
eps_sweep,5,0.1,100,4000,0.3,7,0.08191163584816405,0.8835689652360648,0.483,0.21307391394064806,6
eps_sweep,5,0.1,100,4000,0.3,8,0.08432327504048338,0.8914421597460026,0.53,0.21176443560358743,6
eps_sweep,5,0.1,100,4000,0.3,9,0.06356852490905707,0.900313393313551,0.6005,0.2074135137878495,5
eps_sweep,5,0.1,100,4000,0.3,10,0.0725434460699105,0.8833746801008246,0.48025,0.20927686047881927,6
eps_sweep,5,0.1,100,4000,0.3,11,0.08094244407500667,0.8940911006846806,0.56775,0.2100075697083619,6
eps_sweep,5,0.1,100,4000,0.3,12,0.06131043869650898,0.8963055361704637,0.58925,0.2041445632968456,4
eps_sweep,5,0.1,100,4000,0.3,13,0.07462658073092406,0.8912214183315544,0.53625,0.21139934603425498,6
eps_sweep,5,0.1,100,4000,0.3,14,0.06966690092611158,0.8890586007761673,0.49075,0.2154110078384473,6
eps_sweep,5,0.1,100,4000,0.3,15,0.07345830208325946,0.8906985258595344,0.5385,0.20284382636210724,6
eps_sweep,5,0.1,100,4000,0.3,16,0.08592706535971825,0.8976802520789295,0.57925,0.2168627521046921,5
eps_sweep,5,0.1,100,4000,0.3,17,0.09112920435805547,0.8882887342660536,0.4815,0.2161575884491117,7
eps_sweep,5,0.1,100,4000,0.3,18,0.0701205720295169,0.9056413756525659,0.6265,0.24846303467106612,5
eps_sweep,5,0.1,100,4000,0.3,19,0.0821366725714102,0.8923704089276565,0.5435,0.21014294780854118,5
eps_sweep,5,0.1,100,4000,0.3,20,0.08594392291504643,0.9003816979446095,0.61625,0.2140304686731105,5
eps_sweep,5,0.1,100,4000,0.3,21,0.08994160092515449,0.8837491864132865,0.498,0.21250888049706315,6
eps_sweep,5,0.1,100,4000,0.3,22,0.06944841560184473,0.9154229622906908,0.68825,0.23504854011905127,4
eps_sweep,5,0.1,100,4000,0.3,23,0.08525175842583954,0.9007119677328512,0.631,0.21360900174820086,5
eps_sweep,5,0.1,100,4000,0.3,24,0.09229597625909378,0.9140374263800394,0.673,0.23565012764781743,4
eps_sweep,5,0.1,100,4000,0.3,25,0.07427088057354006,0.8929350510858624,0.5425,0.21503934860494556,5
eps_sweep,5,0.1,100,4000,0.3,26,0.07657324886216425,0.8914249685914684,0.55275,0.20371083850982163,5
eps_sweep,5,0.1,100,4000,0.3,27,0.07894905516040555,0.9022451878138988,0.6105,0.2253422087037255,4
eps_sweep,5,0.1,100,4000,0.3,28,0.07942304771549924,0.9006438658927222,0.60675,0.21497807666442556,6
eps_sweep,5,0.1,100,4000,0.3,29,0.06838478390316564,0.8916709646975287,0.5835,0.1968150335975639,4
eps_sweep,5,0.15,100,4000,0.3,0,0.07065210344400535,0.9126389737314797,0.71575,0.22134626113404685,3
eps_sweep,5,0.15,100,4000,0.3,1,0.05048860117034307,0.9105101691906075,0.70225,0.22270372257117418,3
eps_sweep,5,0.15,100,4000,0.3,2,0.07460430505491923,0.9186758131990149,0.726,0.22942023625548832,5
eps_sweep,5,0.15,100,4000,0.3,3,0.07162807696639967,0.9232007476077201,0.76075,0.23559367619330485,3
eps_sweep,5,0.15,100,4000,0.3,4,0.059075859012353196,0.9294732468128484,0.80725,0.3023153258103869,2
eps_sweep,5,0.15,100,4000,0.3,5,0.07031774455771017,0.9084072321307309,0.676,0.2125539632872788,4
eps_sweep,5,0.15,100,4000,0.3,6,0.06353162266302671,0.9129513309937961,0.72625,0.21543522634972034,3
eps_sweep,5,0.15,100,4000,0.3,7,0.06770273391851972,0.9203258032871704,0.75125,0.22063086996050002,4
eps_sweep,5,0.15,100,4000,0.3,8,0.0723794484290664,0.9117364736948979,0.70125,0.21437435760489984,4
eps_sweep,5,0.15,100,4000,0.3,9,0.06970998686700272,0.9211977637387946,0.73475,0.22654165966784842,4
eps_sweep,5,0.15,100,4000,0.3,10,0.05740186545496109,0.9291903931200738,0.79425,0.23749615837156018,4
eps_sweep,5,0.15,100,4000,0.3,11,0.07315087760045705,0.9219092862481411,0.75725,0.22785491560611423,3
eps_sweep,5,0.15,100,4000,0.3,12,0.07941087202733606,0.9204780809422641,0.76025,0.23140355643870789,3
eps_sweep,5,0.15,100,4000,0.3,13,0.07602434318234581,0.9207678296981175,0.751,0.21005559204740376,4
eps_sweep,5,0.15,100,4000,0.3,14,0.07880616769482697,0.9230565128035043,0.76475,0.21034424378775085,4
eps_sweep,5,0.15,100,4000,0.3,15,0.0691202770120856,0.9192994270321105,0.75525,0.21084295548202905,3
eps_sweep,5,0.15,100,4000,0.3,16,0.0633442619731691,0.9181419446805262,0.73675,0.24445130939812515,3
eps_sweep,5,0.15,100,4000,0.3,17,0.0816303559804937,0.9149590746334951,0.727,0.22493688866355746,4
eps_sweep,5,0.15,100,4000,0.3,18,0.07973435789006356,0.9051059741784818,0.661,0.20741828151294966,4
eps_sweep,5,0.15,100,4000,0.3,19,0.06629075166572257,0.9143636851142567,0.728,0.22016466438382842,3
eps_sweep,5,0.15,100,4000,0.3,20,0.0623474150991972,0.9168911876100515,0.74175,0.2004085298551272,3
eps_sweep,5,0.15,100,4000,0.3,21,0.0767057057084159,0.9186936924971641,0.75225,0.23530955099651155,3
eps_sweep,5,0.15,100,4000,0.3,22,0.07730108937416735,0.9087493216921911,0.69125,0.20423315348385312,4
eps_sweep,5,0.15,100,4000,0.3,23,0.09409169613755877,0.9245176209798298,0.75125,0.22620425178311798,4
eps_sweep,5,0.15,100,4000,0.3,24,0.082612577642121,0.9072627837679657,0.66725,0.20636562984149442,4
eps_sweep,5,0.15,100,4000,0.3,25,0.06201661153911318,0.9139729498630459,0.71175,0.24901074215895744,3
eps_sweep,5,0.15,100,4000,0.3,26,0.08567485200653051,0.924181435217469,0.7525,0.22680962100883367,4
eps_sweep,5,0.15,100,4000,0.3,27,0.08198975687347858,0.9230890846221578,0.76,0.22655473158631725,4
eps_sweep,5,0.15,100,4000,0.3,28,0.07173572133135017,0.9226971359725311,0.76225,0.2541384437198044,3
eps_sweep,5,0.15,100,4000,0.3,29,0.06570542169405087,0.92104191796154,0.7475,0.2264226995955247,3
eps_sweep,5,0.2,100,4000,0.3,0,0.06314705134864591,0.9205141966821233,0.7585,0.21859845652716972,3
eps_sweep,5,0.2,100,4000,0.3,1,0.059567541324232344,0.9203842723092726,0.75625,0.2460073229068997,3
eps_sweep,5,0.2,100,4000,0.3,2,0.07333312172057388,0.9400237671358146,0.842,0.2402960735655299,3
eps_sweep,5,0.2,100,4000,0.3,3,0.07100417185750006,0.925134652967056,0.78175,0.21198421710319046,3
eps_sweep,5,0.2,100,4000,0.3,4,0.05583128133672167,0.9374698875570365,0.85475,0.24904073007474248,2
eps_sweep,5,0.2,100,4000,0.3,5,0.0676424799378191,0.9455133780156189,0.87875,0.2791750428344921,3
eps_sweep,5,0.2,100,4000,0.3,6,0.052825140336643255,0.9151223336880735,0.7465,0.20315242199562886,3
eps_sweep,5,0.2,100,4000,0.3,7,0.07110955323648888,0.9266312289672095,0.78175,0.2296431135906877,3
eps_sweep,5,0.2,100,4000,0.3,8,0.07306382886790198,0.926716736903732,0.78875,0.20695360372147015,3
eps_sweep,5,0.2,100,4000,0.3,9,0.06330645493379004,0.9521319391572397,0.9045,0.31091481058778,2
eps_sweep,5,0.2,100,4000,0.3,10,0.06029437509231081,0.9214237634532981,0.75725,0.23182394329882994,3
eps_sweep,5,0.2,100,4000,0.3,11,0.05122430682400323,0.948652453057401,0.8855,0.30518076087359475,3
eps_sweep,5,0.2,100,4000,0.3,12,0.057709803138372075,0.9454069085652167,0.87525,0.26986134535108347,3
eps_sweep,5,0.2,100,4000,0.3,13,0.06994606345783579,0.9161216055003678,0.75875,0.2321049374643764,3
eps_sweep,5,0.2,100,4000,0.3,14,0.05880903569427491,0.9403600684444348,0.86775,0.25879467096665626,2
eps_sweep,5,0.2,100,4000,0.3,15,0.06380226429975706,0.9463449395501082,0.885,0.24431365495183457,2
eps_sweep,5,0.2,100,4000,0.3,16,0.07727722499114897,0.9544093475701482,0.913,0.27388047416100425,2
eps_sweep,5,0.2,100,4000,0.3,17,0.07620624331014571,0.9250746049151477,0.78425,0.2169755562594407,3
eps_sweep,5,0.2,100,4000,0.3,18,0.050466436332589695,0.9412152845218366,0.867,0.2869069410352209,2
eps_sweep,5,0.2,100,4000,0.3,19,0.05398139574672198,0.93882250356783,0.861,0.2490407300997908,2
eps_sweep,5,0.2,100,4000,0.3,20,0.06057580184375511,0.9139015129296054,0.7305,0.2333566340195612,3
eps_sweep,5,0.2,100,4000,0.3,21,0.04691958437835149,0.9383679875794599,0.85775,0.24460905682328332,2
eps_sweep,5,0.2,100,4000,0.3,22,0.05174253755852256,0.9398716922047113,0.87125,0.3513041652408648,2
eps_sweep,5,0.2,100,4000,0.3,23,0.05461202980158478,0.9218443609758821,0.764,0.21229721135579924,3
eps_sweep,5,0.2,100,4000,0.3,24,0.057587110281846,0.9408333754586903,0.85025,0.30563833341498703,4
eps_sweep,5,0.2,100,4000,0.3,25,0.07355399156770956,0.922042633192421,0.76775,0.2180788181903124,3
eps_sweep,5,0.2,100,4000,0.3,26,0.06188066651794725,0.9407451981472282,0.8735,0.26825863548466355,2
eps_sweep,5,0.2,100,4000,0.3,27,0.06775503215146081,0.9357466414831728,0.8165,0.2685261387747195,3
eps_sweep,5,0.2,100,4000,0.3,28,0.06133142061986619,0.9237381591934043,0.77425,0.20508167237504718,3
eps_sweep,5,0.2,100,4000,0.3,29,0.07433461764894071,0.9314286041519719,0.813,0.23615726272992693,3
eps_sweep,5,0.3,100,4000,0.3,0,0.04837455968733001,0.9436084596666195,0.88675,0.26323021781019695,2
eps_sweep,5,0.3,100,4000,0.3,1,0.052228003581524046,0.9497566658133734,0.90125,0.2800963491179642,2
eps_sweep,5,0.3,100,4000,0.3,2,0.05270853124455957,0.9515109900511713,0.91425,0.3513041652396332,2
eps_sweep,5,0.3,100,4000,0.3,3,0.042895305387907125,0.9433893161811359,0.8815,0.2738804741844149,2
eps_sweep,5,0.3,100,4000,0.3,4,0.05125499263104345,0.9513375042951475,0.91525,0.34030595833926913,2
eps_sweep,5,0.3,100,4000,0.3,5,0.05174476622943034,0.9512839148733664,0.90125,0.2454952947182427,2
eps_sweep,5,0.3,100,4000,0.3,6,0.05674714092562441,0.9534169182955258,0.91475,0.2869069410391743,2
eps_sweep,5,0.3,100,4000,0.3,7,0.04082649549753969,0.9421061394390222,0.88775,0.28690694105860953,2
eps_sweep,5,0.3,100,4000,0.3,8,0.04188101846955528,0.9432350086133637,0.87775,0.2869069410557681,2
eps_sweep,5,0.3,100,4000,0.3,9,0.04484022720444305,0.9543725016169875,0.91075,0.3513041652501719,2
eps_sweep,5,0.3,100,4000,0.3,10,0.05353626932308354,0.9473542890656673,0.89575,0.24460905683557674,2
eps_sweep,5,0.3,100,4000,0.3,11,8.182839465536622e-13,0.9634732791085305,0.97125,0.3233003435021645,1
eps_sweep,5,0.3,100,4000,0.3,12,1.7467115077928702e-10,0.9524314964278753,0.951,0.32330874938532955,1
eps_sweep,5,0.3,100,4000,0.3,13,0.05958062918363284,0.9554529938023846,0.91775,0.25495151000234495,2
eps_sweep,5,0.3,100,4000,0.3,14,0.0604693845721364,0.9525870242580738,0.91225,0.24697246536543332,2
eps_sweep,5,0.3,100,4000,0.3,15,0.04433873549569343,0.9475882812203095,0.896,0.34030595834998967,2
eps_sweep,5,0.3,100,4000,0.3,16,0.046391824041492405,0.9424370296447392,0.88025,0.24549529472356402,2
eps_sweep,5,0.3,100,4000,0.3,17,0.04529174662830941,0.9452209125113284,0.8905,0.2490407301092521,2
eps_sweep,5,0.3,100,4000,0.3,18,0.054385027708733824,0.9501453877619569,0.9,0.24904073010025288,2
eps_sweep,5,0.3,100,4000,0.3,19,0.06343441692720729,0.9582214613234568,0.92375,0.30231532671460476,2
eps_sweep,5,0.3,100,4000,0.3,20,0.053381712587768755,0.9483119208991099,0.90425,0.30231532672112565,2
eps_sweep,5,0.3,100,4000,0.3,21,1.9306094432792654e-11,0.9511990305924126,0.95,0.32330034377072336,1
eps_sweep,5,0.3,100,4000,0.3,22,0.04548373575777067,0.9487992653014873,0.8935,0.24549529472500534,2
eps_sweep,5,0.3,100,4000,0.3,23,0.04078856803459667,0.9471008528770265,0.8935,0.32011239216832793,2
eps_sweep,5,0.3,100,4000,0.3,24,0.08097738963869264,0.9616011344217469,0.93925,0.24431365494754892,2
eps_sweep,5,0.3,100,4000,0.3,25,0.06469985324103082,0.961211050886568,0.9295,0.2587946709731768,2
eps_sweep,5,0.3,100,4000,0.3,26,0.059187212463445965,0.9534134983397042,0.91375,0.24431365495537818,2
eps_sweep,5,0.3,100,4000,0.3,27,0.0682063299764254,0.9596792128803645,0.93075,0.2632302177975133,2
eps_sweep,5,0.3,100,4000,0.3,28,0.054894291984709104,0.9496514134099661,0.905,0.29431299622270457,2
eps_sweep,5,0.3,100,4000,0.3,29,0.05780652071999978,0.9587566625941079,0.92175,0.28009634911372827,2
eps_sweep,5,0.5,100,4000,0.3,0,8.99208637704573e-15,0.9730706586345643,0.99725,0.32330034350239767,1
eps_sweep,5,0.5,100,4000,0.3,1,3.3727652652909984e-15,0.9728453428016316,0.9965,0.3233003435023977,1
eps_sweep,5,0.5,100,4000,0.3,2,1.8305578477152315e-15,0.9753618368249802,0.99825,0.3233003435023977,1
eps_sweep,5,0.5,100,4000,0.3,3,9.994013889332278e-15,0.9749238981348735,0.997,0.32330034350239767,1
eps_sweep,5,0.5,100,4000,0.3,4,6.13440828209938e-15,0.974874910254483,0.9975,0.3233003435023977,1
eps_sweep,5,0.5,100,4000,0.3,5,2.5193743696611144e-14,0.97479128237144,0.9975,0.3233003435023948,1
eps_sweep,5,0.5,100,4000,0.3,6,8.36484406102331e-15,0.9747521120073259,0.99825,0.32330034350239767,1
eps_sweep,5,0.5,100,4000,0.3,7,6.1488330992807864e-15,0.9726108758253166,0.996,0.3233003435023977,1
eps_sweep,5,0.5,100,4000,0.3,8,2.0809591572715423e-15,0.9770389231745796,0.998,0.3233003435023977,1
eps_sweep,5,0.5,100,4000,0.3,9,2.6695710598783136e-13,0.9737728655688255,0.995,0.3233003435023708,1
eps_sweep,5,0.5,100,4000,0.3,10,6.8799740559266604e-15,0.9731541953254865,0.99675,0.3233003435023977,1
eps_sweep,5,0.5,100,4000,0.3,11,2.621211253130632e-14,0.9711560584398049,0.9965,0.3233003435023974,1
eps_sweep,5,0.5,100,4000,0.3,12,2.1412294683992606e-14,0.9747641026653461,0.9965,0.32330034350239745,1
eps_sweep,5,0.5,100,4000,0.3,13,1.2478676974047086e-14,0.972130947612858,0.99725,0.3233003435023976,1
eps_sweep,5,0.5,100,4000,0.3,14,4.555918276649373e-15,0.9741214258259107,0.99725,0.3233003435023977,1
eps_sweep,5,0.5,100,4000,0.3,15,3.0356265210877937e-15,0.9751594180494408,0.998,0.3233003435023977,1
eps_sweep,5,0.5,100,4000,0.3,16,8.009729447476982e-15,0.9767040925224433,0.99725,0.32330034350239767,1
eps_sweep,5,0.5,100,4000,0.3,17,4.392427487583604e-15,0.9769477173982695,0.9985,0.3233003435023977,1
eps_sweep,5,0.5,100,4000,0.3,18,1.158012715472934e-14,0.974068109747303,0.997,0.32330034350239767,1
eps_sweep,5,0.5,100,4000,0.3,19,8.881057318703145e-15,0.9758927844885422,0.99875,0.32330034350239767,1
eps_sweep,5,0.5,100,4000,0.3,20,2.35947669375465e-15,0.9756425669701826,0.99825,0.3233003435023977,1
eps_sweep,5,0.5,100,4000,0.3,21,2.396148018860862e-15,0.9720504772600789,0.99675,0.3233003435023977,1
eps_sweep,5,0.5,100,4000,0.3,22,1.4727665387636052e-14,0.9714219467429067,0.99675,0.32330034350239734,1
eps_sweep,5,0.5,100,4000,0.3,23,1.6510534658885367e-14,0.9719757699357429,0.99675,0.32330034350239767,1
eps_sweep,5,0.5,100,4000,0.3,24,2.3889260656317504e-15,0.9745582336376147,0.9985,0.3233003435023977,1
eps_sweep,5,0.5,100,4000,0.3,25,3.804874896150932e-15,0.974538367564092,0.9985,0.3233003435023977,1
eps_sweep,5,0.5,100,4000,0.3,26,3.4982161566158094e-15,0.9762224170765059,0.9965,0.3233003435023977,1
eps_sweep,5,0.5,100,4000,0.3,27,3.188502970099458e-15,0.9732484991977953,0.998,0.3233003435023977,1
eps_sweep,5,0.5,100,4000,0.3,28,1.808273053505837e-14,0.9725394617995181,0.99575,0.32330034350239756,1
eps_sweep,5,0.5,100,4000,0.3,29,9.609149663289539e-15,0.9770010039662145,0.99725,0.3233003435023976,1
