team_acc,human_acc,ai_acc,comply_rate,over_reliance,under_reliance,final_trust,complementarity,label,eta_up,eta_down,ratio,p_ai,seed
0.7602,0.6486,0.7524,0.5712,0.36200861604738827,0.3599592415381889,0.49684347937989615,0.007800000000000029,ratio3_scale_lo,0.05,0.15,2.9999999999999996,0.75,0
0.7553333333333333,0.6450666666666667,0.7508666666666667,0.5699666666666666,0.3757024351083757,0.36557755482553494,0.49983755663735785,0.004466666666666619,ratio3_scale_lo,0.05,0.15,2.9999999999999996,0.75,1
0.7593666666666666,0.6509333333333334,0.7500666666666667,0.5683,0.36716457722059215,0.3646786952270909,0.4943632035710219,0.009299999999999975,ratio3_scale_lo,0.05,0.15,2.9999999999999996,0.75,2
0.7557333333333334,0.6480666666666667,0.7515,0.5733666666666667,0.37424547283702214,0.3607895320470171,0.5059243363380923,0.004233333333333422,ratio3_scale_lo,0.05,0.15,2.9999999999999996,0.75,3
0.7580333333333333,0.658,0.75,0.5622333333333334,0.3606666666666667,0.3705777777777778,0.5002082863315765,0.008033333333333337,ratio3_scale_lo,0.05,0.15,2.9999999999999996,0.75,4
0.7614,0.6539666666666667,0.7519666666666667,0.5703333333333334,0.36433275097433143,0.3617181612660136,0.5077349807613486,0.009433333333333294,ratio3_scale_lo,0.05,0.15,2.9999999999999996,0.75,5
0.7601333333333333,0.6515666666666666,0.7509666666666667,0.5691,0.35457100789720253,0.359758533445781,0.49161062231718305,0.009166666666666656,ratio3_scale_lo,0.05,0.15,2.9999999999999996,0.75,6
0.7562666666666666,0.6463333333333333,0.7516,0.5733666666666667,0.36272141706924316,0.35701614333865533,0.4965700200837226,0.004666666666666597,ratio3_scale_lo,0.05,0.15,2.9999999999999996,0.75,7
0.7597333333333334,0.6457,0.7503666666666666,0.5705333333333333,0.36039524636132997,0.35955754964239706,0.5107527163454361,0.009366666666666745,ratio3_scale_lo,0.05,0.15,2.9999999999999996,0.75,8
0.7584,0.6533333333333333,0.7499,0.5678,0.36891909902705583,0.36587100502289194,0.5067122019904238,0.008499999999999952,ratio3_scale_lo,0.05,0.15,2.9999999999999996,0.75,9
0.7621333333333333,0.6466,0.7503666666666666,0.5677666666666666,0.34851114968620645,0.35929101328239527,0.49764454506449807,0.011766666666666703,ratio3_scale_lo,0.05,0.15,2.9999999999999996,0.75,10
0.7535,0.6478666666666667,0.7455333333333334,0.562,0.3638983494891276,0.37038361799159436,0.5008438895647851,0.007966666666666566,ratio3_scale_lo,0.05,0.15,2.9999999999999996,0.75,11
0.7606,0.6502,0.7516,0.5703333333333334,0.36500268384326356,0.3618059251374845,0.5044067078308914,0.009000000000000008,ratio3_scale_lo,0.05,0.15,2.9999999999999996,0.75,12
0.7602666666666666,0.6531666666666667,0.7509333333333333,0.5685,0.36148286937901497,0.36283735795454547,0.4902974358544536,0.009333333333333305,ratio3_scale_lo,0.05,0.15,2.9999999999999996,0.75,13
0.7639,0.6509,0.7521333333333333,0.5763333333333334,0.3602743410435718,0.35246410210955503,0.49609528021182114,0.011766666666666703,ratio3_scale_lo,0.05,0.15,2.9999999999999996,0.75,14
0.7631,0.6505666666666666,0.7504666666666666,0.5765,0.36788672188084426,0.35413520476148175,0.49719911160387453,0.012633333333333385,ratio3_scale_lo,0.05,0.15,2.9999999999999996,0.75,15
0.7574666666666666,0.6505666666666666,0.7478333333333333,0.5613333333333334,0.3565102445472571,0.369601069757076,0.49270951364108256,0.009633333333333272,ratio3_scale_lo,0.05,0.15,2.9999999999999996,0.75,16
0.7611666666666667,0.6504333333333333,0.7473666666666666,0.5684,0.36244887188283414,0.3619820703804469,0.5021018913291165,0.013800000000000034,ratio3_scale_lo,0.05,0.15,2.9999999999999996,0.75,17
0.7601,0.6498666666666667,0.7493666666666666,0.5672333333333334,0.3558983907434499,0.3620835372091989,0.49376021999232506,0.010733333333333372,ratio3_scale_lo,0.05,0.15,2.9999999999999996,0.75,18
0.7584666666666666,0.6542,0.7505666666666667,0.5666333333333333,0.3613523987705466,0.36514633388106765,0.48938667644435296,0.007899999999999907,ratio3_scale_lo,0.05,0.15,2.9999999999999996,0.75,19
0.831,0.6461333333333333,0.8507666666666667,0.7312333333333333,0.511503238775966,0.23022371978215728,0.6563051426045347,-0.01976666666666671,ratio3_scale_lo,0.05,0.15,2.9999999999999996,0.85,0
0.828,0.6504333333333333,0.8509,0.7275333333333334,0.5106192711826515,0.23445763309437068,0.6591221075989608,-0.02290000000000003,ratio3_scale_lo,0.05,0.15,2.9999999999999996,0.85,1
0.8262,0.6527666666666667,0.8479666666666666,0.7282333333333333,0.5218153913615435,0.23475765556822203,0.6549929206045186,-0.0217666666666666,ratio3_scale_lo,0.05,0.15,2.9999999999999996,0.85,2
0.8257333333333333,0.6507333333333334,0.8486666666666667,0.7288666666666667,0.5193832599118943,0.2337784760408484,0.6463694155431449,-0.02293333333333336,ratio3_scale_lo,0.05,0.15,2.9999999999999996,0.85,3
0.8253,0.6433,0.8503333333333334,0.7318666666666667,0.5173719376391982,0.23038024304194435,0.650481816805311,-0.025033333333333352,ratio3_scale_lo,0.05,0.15,2.9999999999999996,0.85,4
0.8254,0.6518333333333334,0.8475666666666667,0.7272666666666666,0.519134047671113,0.23530105793054626,0.6347150965182781,-0.022166666666666668,ratio3_scale_lo,0.05,0.15,2.9999999999999996,0.85,5
0.8249333333333333,0.6488666666666667,0.8479333333333333,0.7253,0.5013152126260412,0.23453101658935452,0.6458894509253131,-0.02300000000000002,ratio3_scale_lo,0.05,0.15,2.9999999999999996,0.85,6
0.8277,0.6486,0.8484333333333334,0.7302,0.5179239058720035,0.2318783640435312,0.6419355483732353,-0.02073333333333338,ratio3_scale_lo,0.05,0.15,2.9999999999999996,0.85,7
0.8297666666666667,0.6500333333333334,0.8501,0.7306666666666667,0.5207916388703581,0.23232560875191155,0.6506878284807952,-0.020333333333333314,ratio3_scale_lo,0.05,0.15,2.9999999999999996,0.85,8
0.8306333333333333,0.6534333333333333,0.8525,0.7338,0.5247457627118645,0.2300293255131965,0.6504552326679728,-0.0218666666666667,ratio3_scale_lo,0.05,0.15,2.9999999999999996,0.85,9
0.8233666666666667,0.6465,0.8491666666666666,0.7277,0.5253038674033149,0.2363493621197252,0.6596683979331024,-0.025799999999999934,ratio3_scale_lo,0.05,0.15,2.9999999999999996,0.85,10
0.8257,0.6485666666666666,0.8453,0.7245666666666667,0.5007541478129713,0.23447296817697857,0.6432119770104223,-0.019600000000000062,ratio3_scale_lo,0.05,0.15,2.9999999999999996,0.85,11
0.8285,0.652,0.8495,0.7282333333333333,0.5187153931339978,0.23464783205807338,0.6550931592786254,-0.02100000000000002,ratio3_scale_lo,0.05,0.15,2.9999999999999996,0.85,12
0.8324,0.6509666666666667,0.8520333333333333,0.7326666666666667,0.5190358188781257,0.23023355893744377,0.6621938214864176,-0.01963333333333328,ratio3_scale_lo,0.05,0.15,2.9999999999999996,0.85,13
0.8275666666666667,0.6559333333333334,0.8475,0.7264666666666667,0.5173770491803279,0.2359095378564405,0.648101282164389,-0.01993333333333336,ratio3_scale_lo,0.05,0.15,2.9999999999999996,0.85,14
0.8256666666666667,0.6515666666666666,0.8490333333333333,0.7293333333333333,0.521969529697505,0.23379529661183307,0.6635452090981185,-0.023366666666666647,ratio3_scale_lo,0.05,0.15,2.9999999999999996,0.85,15
0.826,0.6435,0.8499333333333333,0.7284333333333334,0.5173256330519769,0.2342928857165268,0.6512778093519248,-0.023933333333333362,ratio3_scale_lo,0.05,0.15,2.9999999999999996,0.85,16
0.8289666666666666,0.6484,0.8505666666666667,0.7333,0.5288869060896721,0.23078731825841595,0.6585275661837576,-0.021600000000000064,ratio3_scale_lo,0.05,0.15,2.9999999999999996,0.85,17
0.8260333333333333,0.6526666666666666,0.8477,0.7236,0.5145546071350405,0.2388423577523495,0.6539554820977141,-0.021666666666666723,ratio3_scale_lo,0.05,0.15,2.9999999999999996,0.85,18
0.8252,0.6465666666666666,0.8474,0.7251,0.518348623853211,0.23766816143497757,0.6610645418297696,-0.022199999999999998,ratio3_scale_lo,0.05,0.15,2.9999999999999996,0.85,19
0.7536,0.6491,0.7462,0.5635,0.3620961386918834,0.36799785580273386,0.4786660834673702,0.007400000000000073,ratio3_scale_hi,0.08,0.24,3.0,0.75,0
0.7543666666666666,0.6483333333333333,0.7514333333333333,0.5694,0.3654284564838407,0.3631282438007364,0.5073926366981327,0.0029333333333333433,ratio3_scale_hi,0.08,0.24,3.0,0.75,1
0.753,0.6471666666666667,0.7453333333333333,0.5595666666666667,0.3636125654450262,0.373479427549195,0.5045572820552705,0.0076666666666667105,ratio3_scale_hi,0.08,0.24,3.0,0.75,2
0.7563666666666666,0.6488333333333334,0.7497333333333334,0.5664666666666667,0.36454448588172617,0.36613017961942024,0.5066994480241246,0.006633333333333269,ratio3_scale_hi,0.08,0.24,3.0,0.75,3
0.7511666666666666,0.6476666666666666,0.746,0.5625333333333333,0.36653543307086617,0.3707327971403038,0.4843036898357262,0.005166666666666653,ratio3_scale_hi,0.08,0.24,3.0,0.75,4
0.7579333333333333,0.6518,0.7523333333333333,0.5715666666666667,0.376043068640646,0.36406734603455915,0.5150400541904291,0.005600000000000049,ratio3_scale_hi,0.08,0.24,3.0,0.75,5
0.7568,0.6461333333333333,0.7485,0.5629,0.3562624254473161,0.3676686706746827,0.5026142919291682,0.008299999999999974,ratio3_scale_hi,0.08,0.24,3.0,0.75,6
0.7537666666666667,0.6501333333333333,0.7495666666666667,0.5654666666666667,0.3689604685212299,0.36887979721616937,0.5034603090409311,0.0041999999999999815,ratio3_scale_hi,0.08,0.24,3.0,0.75,7
0.7553,0.6525666666666666,0.7498,0.5643,0.36757260857980284,0.3700542366853383,0.5209493743302658,0.005499999999999949,ratio3_scale_hi,0.08,0.24,3.0,0.75,8
0.7598333333333334,0.6515,0.7477,0.5689666666666666,0.36028537455410226,0.3606170032544247,0.49765136105553737,0.01213333333333333,ratio3_scale_hi,0.08,0.24,3.0,0.75,9
0.7584333333333333,0.6520333333333334,0.7483333333333333,0.5591333333333334,0.3594701986754967,0.37371937639198216,0.5044637433126534,0.010099999999999998,ratio3_scale_hi,0.08,0.24,3.0,0.75,10
0.7552666666666666,0.652,0.748,0.5680666666666667,0.3652116402116402,0.36359180035650623,0.5002897081952615,0.0072666666666666435,ratio3_scale_hi,0.08,0.24,3.0,0.75,11
0.7551,0.6459,0.7503,0.5613666666666667,0.3621679348551595,0.3723399529077258,0.530236707404688,0.0048000000000000265,ratio3_scale_hi,0.08,0.24,3.0,0.75,12
0.7556666666666667,0.6488666666666667,0.7477666666666667,0.5573666666666667,0.3640808774943835,0.3774350287522846,0.5064061583913418,0.007900000000000018,ratio3_scale_hi,0.08,0.24,3.0,0.75,13
0.7539,0.6472,0.7471333333333333,0.5656666666666667,0.36923279725810704,0.3678504506112251,0.4829351484998922,0.006766666666666699,ratio3_scale_hi,0.08,0.24,3.0,0.75,14
0.7537333333333334,0.6473666666666666,0.7477333333333334,0.5654,0.3656183932346723,0.3671986447931526,0.48306082430086816,0.006000000000000005,ratio3_scale_hi,0.08,0.24,3.0,0.75,15
0.7583666666666666,0.6513,0.7539333333333333,0.5692333333333334,0.3709021945272284,0.3660359006101335,0.5167790337142703,0.004433333333333289,ratio3_scale_hi,0.08,0.24,3.0,0.75,16
0.7561666666666667,0.6535333333333333,0.7475333333333334,0.5641666666666667,0.36004753102719833,0.3668955676446981,0.5137431508210328,0.00863333333333327,ratio3_scale_hi,0.08,0.24,3.0,0.75,17
0.7538,0.6486666666666666,0.7463333333333333,0.5629666666666666,0.35703022339027596,0.3670388566324252,0.4902393004369914,0.0074666666666667325,ratio3_scale_hi,0.08,0.24,3.0,0.75,18
0.7548,0.6485,0.7456666666666667,0.5605333333333333,0.3619921363040629,0.37174787662047387,0.4897913506841284,0.009133333333333327,ratio3_scale_hi,0.08,0.24,3.0,0.75,19
0.8266333333333333,0.6502666666666667,0.8511666666666666,0.7261666666666666,0.5269876819708846,0.23900528686117095,0.6632599369733231,-0.024533333333333296,ratio3_scale_hi,0.08,0.24,3.0,0.85,0
0.8283,0.6502666666666667,0.8520666666666666,0.7263,0.5110410094637224,0.2363273609263751,0.6561912803765158,-0.023766666666666603,ratio3_scale_hi,0.08,0.24,3.0,0.85,1
0.8228333333333333,0.6490333333333334,0.8496333333333334,0.7284666666666667,0.5253823985812458,0.23559182392404568,0.6584924628026072,-0.026800000000000046,ratio3_scale_hi,0.08,0.24,3.0,0.85,2
0.8294666666666667,0.6489666666666667,0.8524,0.7307666666666667,0.514453477868112,0.2317769435319881,0.6525719291772295,-0.02293333333333336,ratio3_scale_hi,0.08,0.24,3.0,0.85,3
0.8192,0.6512666666666667,0.8470666666666666,0.7188666666666667,0.5244115082824761,0.24602549976389107,0.6431634490615017,-0.027866666666666595,ratio3_scale_hi,0.08,0.24,3.0,0.85,4
0.8286666666666667,0.6469333333333334,0.8502666666666666,0.7268333333333333,0.5162511130899377,0.23608279755370865,0.6632271961930439,-0.021599999999999953,ratio3_scale_hi,0.08,0.24,3.0,0.85,5
0.8256,0.6509666666666667,0.8489333333333333,0.7253333333333334,0.5242718446601942,0.23888801633422335,0.6195413301922421,-0.023333333333333317,ratio3_scale_hi,0.08,0.24,3.0,0.85,6
0.8232666666666667,0.6509333333333334,0.8480333333333333,0.7228666666666667,0.5222636543101558,0.2411854879918242,0.6602059282266967,-0.024766666666666604,ratio3_scale_hi,0.08,0.24,3.0,0.85,7
0.8287666666666667,0.6450666666666667,0.8515666666666667,0.7326666666666667,0.5183022681338424,0.22996829373311936,0.6549481896371089,-0.022800000000000042,ratio3_scale_hi,0.08,0.24,3.0,0.85,8
0.8255333333333333,0.6517,0.8489333333333333,0.7276333333333334,0.5302294792586054,0.23723888801633422,0.6371413832446667,-0.023399999999999976,ratio3_scale_hi,0.08,0.24,3.0,0.85,9
0.8264333333333334,0.6474,0.8511666666666666,0.7273666666666667,0.522060470324748,0.23673389465439593,0.666016049102237,-0.024733333333333274,ratio3_scale_hi,0.08,0.24,3.0,0.85,10
0.8243,0.6524666666666666,0.8502,0.7266,0.5235870048954161,0.2376303614835725,0.6599207936161474,-0.025899999999999923,ratio3_scale_hi,0.08,0.24,3.0,0.85,11
0.8256,0.6517,0.8515,0.7247666666666667,0.5277216610549944,0.24086905460951263,0.6560043428885071,-0.025900000000000034,ratio3_scale_hi,0.08,0.24,3.0,0.85,12
0.8238333333333333,0.6481333333333333,0.8470666666666666,0.7256333333333334,0.5141673931996512,0.23618762789233433,0.6587674423647414,-0.023233333333333328,ratio3_scale_hi,0.08,0.24,3.0,0.85,13
0.825,0.6499333333333334,0.8520333333333333,0.7285333333333334,0.5420139671097094,0.2390751535542428,0.6540368735774575,-0.027033333333333354,ratio3_scale_hi,0.08,0.24,3.0,0.85,14
0.8292,0.6479333333333334,0.8527666666666667,0.7319333333333333,0.5175458455965587,0.231051870382676,0.6528013425673967,-0.023566666666666625,ratio3_scale_hi,0.08,0.24,3.0,0.85,15
0.8209,0.6458333333333334,0.8510666666666666,0.7256,0.5297672336615935,0.24013003289989032,0.6667698643150046,-0.030166666666666675,ratio3_scale_hi,0.08,0.24,3.0,0.85,16
0.8235333333333333,0.6511333333333333,0.8487,0.7256666666666667,0.5265476977307777,0.23883586661953576,0.6248690499736216,-0.02516666666666667,ratio3_scale_hi,0.08,0.24,3.0,0.85,17
0.8229666666666666,0.6493,0.8470666666666666,0.7223333333333334,0.5231037489102005,0.2416968361404061,0.6613743154647703,-0.02410000000000001,ratio3_scale_hi,0.08,0.24,3.0,0.85,18
0.8283333333333334,0.6429,0.8516,0.729,0.5181940700808625,0.234264913104744,0.6737796911930074,-0.023266666666666658,ratio3_scale_hi,0.08,0.24,3.0,0.85,19
0.753,0.6543,0.7499,0.5656,0.38198054111688656,0.3731608658932302,0.5084123947408126,0.0030999999999999917,ratio3_scale_hi2,0.12,0.36,3.0,0.75,0
0.7511666666666666,0.6466666666666666,0.7526666666666667,0.5642333333333334,0.37641509433962267,0.37404782993799823,0.5198659839098257,-0.0015000000000000568,ratio3_scale_hi2,0.12,0.36,3.0,0.75,1
0.7531,0.6544333333333333,0.7481,0.5582,0.37064972872833135,0.3786481308203003,0.49702791425387716,0.0050000000000000044,ratio3_scale_hi2,0.12,0.36,3.0,0.75,2
0.7537666666666667,0.6466,0.7511,0.5628666666666666,0.37230480782107944,0.3739848222606843,0.4971440355861634,0.002666666666666706,ratio3_scale_hi2,0.12,0.36,3.0,0.75,3
0.7572,0.6536666666666666,0.7499666666666667,0.56,0.3756832422343688,0.37855015778479045,0.47549583640785725,0.007233333333333314,ratio3_scale_hi2,0.12,0.36,3.0,0.75,4
0.7577,0.6535666666666666,0.7498333333333334,0.5637,0.37295136575616256,0.37266059124249834,0.4910952795885397,0.007866666666666688,ratio3_scale_hi2,0.12,0.36,3.0,0.75,5
0.7516,0.6469,0.7470333333333333,0.5626333333333333,0.37422585320859136,0.3735665521395743,0.49272744321503864,0.004566666666666719,ratio3_scale_hi2,0.12,0.36,3.0,0.75,6
0.7538333333333334,0.6489666666666667,0.7521666666666667,0.5673333333333334,0.3790181573638198,0.3706182140483049,0.4993618238689254,0.0016666666666667052,ratio3_scale_hi2,0.12,0.36,3.0,0.75,7
0.7546,0.6494,0.7498666666666667,0.5643333333333334,0.37300106609808104,0.37184388335704127,0.49838003324583724,0.004733333333333367,ratio3_scale_hi2,0.12,0.36,3.0,0.75,8
0.7526,0.6505333333333333,0.7517333333333334,0.5580666666666667,0.36828678839957035,0.3792568286626463,0.5053603456884806,0.0008666666666666822,ratio3_scale_hi2,0.12,0.36,3.0,0.75,9
0.7538333333333334,0.6499,0.7504333333333333,0.5617,0.3681047148390544,0.37391729223115533,0.5091744309146076,0.0034000000000000696,ratio3_scale_hi2,0.12,0.36,3.0,0.75,10
0.7588333333333334,0.6520333333333334,0.7546333333333334,0.5707666666666666,0.37997554680070644,0.3671981978002562,0.49981728530457903,0.0041999999999999815,ratio3_scale_hi2,0.12,0.36,3.0,0.75,11
0.7543333333333333,0.6556666666666666,0.7519,0.5636333333333333,0.3804917372027408,0.3759365163807244,0.4934848413252759,0.0024333333333332874,ratio3_scale_hi2,0.12,0.36,3.0,0.75,12
0.7520333333333333,0.6485333333333333,0.7459666666666667,0.5521,0.36556882298910903,0.38437821171634123,0.5014178102055572,0.006066666666666665,ratio3_scale_hi2,0.12,0.36,3.0,0.75,13
0.7540333333333333,0.6465666666666666,0.7513333333333333,0.5625333333333333,0.3695710455764075,0.3736024844720497,0.5235349896453557,0.0027000000000000357,ratio3_scale_hi2,0.12,0.36,3.0,0.75,14
0.7548333333333334,0.6487666666666667,0.7518333333333334,0.5641,0.3716588314304903,0.37237863001551763,0.4922951058266769,0.0030000000000000027,ratio3_scale_hi2,0.12,0.36,3.0,0.75,15
0.7557,0.6522666666666667,0.7504333333333333,0.5635333333333333,0.3699746226793108,0.3720961222404833,0.5045758438401421,0.005266666666666753,ratio3_scale_hi2,0.12,0.36,3.0,0.75,16
0.752,0.646,0.7502,0.5641333333333334,0.3757672804910595,0.3731449391273438,0.5015791367495608,0.0018000000000000238,ratio3_scale_hi2,0.12,0.36,3.0,0.75,17
0.7546333333333334,0.6472,0.7515666666666667,0.5645,0.3755534684019858,0.373042976892713,0.5291552596904239,0.003066666666666662,ratio3_scale_hi2,0.12,0.36,3.0,0.75,18
0.7472333333333333,0.6441666666666667,0.7466,0.5573333333333333,0.3762167850565641,0.38119474953120813,0.47591826452511854,0.0006333333333332636,ratio3_scale_hi2,0.12,0.36,3.0,0.75,19
0.8218333333333333,0.6476333333333333,0.8512666666666666,0.7234,0.5338413267593007,0.24348030386091316,0.6697342997321205,-0.02943333333333331,ratio3_scale_hi2,0.12,0.36,3.0,0.85,0
0.8252,0.6501,0.8494333333333334,0.7244,0.5326544166482179,0.2416120550955539,0.658012718313561,-0.02423333333333333,ratio3_scale_hi2,0.12,0.36,3.0,0.85,1
0.8220333333333333,0.6491666666666667,0.8527666666666667,0.729,0.54403441249717,0.239065004104288,0.649733859692042,-0.03073333333333339,ratio3_scale_hi2,0.12,0.36,3.0,0.85,2
0.8249666666666666,0.6517666666666667,0.8486666666666667,0.7183,0.5101321585903084,0.2445797329143755,0.6417850244444877,-0.023700000000000054,ratio3_scale_hi2,0.12,0.36,3.0,0.85,3
0.8181,0.6479333333333334,0.8477,0.7173666666666667,0.5353469030422412,0.24993118634737133,0.6959535591313509,-0.02959999999999996,ratio3_scale_hi2,0.12,0.36,3.0,0.85,4
0.8210333333333333,0.6467,0.8497,0.7251,0.5455755156353959,0.24314463928445335,0.6481236750820238,-0.02866666666666673,ratio3_scale_hi2,0.12,0.36,3.0,0.85,5
0.8251666666666667,0.6483666666666666,0.8507666666666667,0.7266666666666667,0.5427741791378154,0.2410766759393488,0.6598235681030346,-0.025599999999999956,ratio3_scale_hi2,0.12,0.36,3.0,0.85,6
0.8245666666666667,0.6506333333333333,0.8503666666666667,0.7220333333333333,0.5335263978614391,0.24479636235349458,0.6501339220520777,-0.025800000000000045,ratio3_scale_hi2,0.12,0.36,3.0,0.85,7
0.8268333333333333,0.6497666666666667,0.8523333333333334,0.7252333333333333,0.5252821670428894,0.24012514665623777,0.6648548234134333,-0.025500000000000078,ratio3_scale_hi2,0.12,0.36,3.0,0.85,8
0.8204666666666667,0.6534666666666666,0.8479333333333333,0.7193,0.5300306882946076,0.24675682050475667,0.644110225196921,-0.02746666666666664,ratio3_scale_hi2,0.12,0.36,3.0,0.85,9
0.8229666666666666,0.6539666666666667,0.8477,0.7180333333333333,0.5244035894068724,0.24717864024222405,0.6307773050808251,-0.024733333333333385,ratio3_scale_hi2,0.12,0.36,3.0,0.85,10
0.8234333333333334,0.6502333333333333,0.8482,0.7201333333333333,0.5212999560825647,0.2442820089601509,0.6685704980757384,-0.024766666666666604,ratio3_scale_hi2,0.12,0.36,3.0,0.85,11
0.8243333333333334,0.6508333333333334,0.8498666666666667,0.7251666666666666,0.5297513321492007,0.2403122058362096,0.6589593042041622,-0.025533333333333297,ratio3_scale_hi2,0.12,0.36,3.0,0.85,12
0.8253333333333334,0.6551,0.8476,0.7205,0.5194663167104112,0.24335378323108384,0.6392038718915429,-0.022266666666666657,ratio3_scale_hi2,0.12,0.36,3.0,0.85,13
0.8237,0.6524,0.8480666666666666,0.7222333333333333,0.5320315928038614,0.24369153368445876,0.6604949172267741,-0.024366666666666648,ratio3_scale_hi2,0.12,0.36,3.0,0.85,14
0.8180333333333333,0.6443,0.8448666666666667,0.7124,0.5322303394929093,0.25451747810305375,0.6504432161698827,-0.026833333333333376,ratio3_scale_hi2,0.12,0.36,3.0,0.85,15
0.8246333333333333,0.6512666666666667,0.8496333333333334,0.7242666666666666,0.5304810463311904,0.24143748283573307,0.6486763134942514,-0.025000000000000022,ratio3_scale_hi2,0.12,0.36,3.0,0.85,16
0.8266,0.6456333333333333,0.8516,0.7249666666666666,0.518418688230009,0.2390402379834038,0.64665774294062,-0.025000000000000022,ratio3_scale_hi2,0.12,0.36,3.0,0.85,17
0.8254,0.6512,0.8513333333333334,0.7247666666666667,0.5401345291479821,0.24299138606108064,0.6432759076609915,-0.025933333333333364,ratio3_scale_hi2,0.12,0.36,3.0,0.85,18
0.8196333333333333,0.6507666666666667,0.8459333333333333,0.7199,0.5406750324534834,0.24745842856017022,0.6410008195260685,-0.02629999999999999,ratio3_scale_hi2,0.12,0.36,3.0,0.85,19
0.7389666666666667,0.6517333333333334,0.7540333333333333,0.4191666666666667,0.23119663911099064,0.5195172627204809,0.34096260962606506,-0.015066666666666673,fixed_ed_lo_eu,0.04,0.24,6.0,0.75,0
0.737,0.6503333333333333,0.7473,0.39986666666666665,0.21395594248779845,0.5372674963200856,0.3299369344120272,-0.010299999999999976,fixed_ed_lo_eu,0.04,0.24,6.0,0.75,1
0.7358666666666667,0.6491333333333333,0.7499666666666667,0.40536666666666665,0.22663644847353687,0.5350460020445353,0.33009577553900676,-0.014100000000000001,fixed_ed_lo_eu,0.04,0.24,6.0,0.75,2
0.7362,0.6499,0.7490333333333333,0.4082,0.2212777261256475,0.5291709314227226,0.3188790122835983,-0.012833333333333363,fixed_ed_lo_eu,0.04,0.24,6.0,0.75,3
0.7333333333333333,0.6455,0.7481,0.4104333333333333,0.22217811300780732,0.5261774272601702,0.31121837974236544,-0.014766666666666706,fixed_ed_lo_eu,0.04,0.24,6.0,0.75,4
0.7389333333333333,0.6533666666666667,0.7523333333333333,0.4154,0.23458950201884254,0.5250775365529464,0.3404761171169339,-0.013399999999999967,fixed_ed_lo_eu,0.04,0.24,6.0,0.75,5
0.7358666666666667,0.6479333333333334,0.7529333333333333,0.41323333333333334,0.23448461953588776,0.5281122720028334,0.34210807058518655,-0.017066666666666674,fixed_ed_lo_eu,0.04,0.24,6.0,0.75,6
0.7367666666666667,0.6505,0.7477666666666667,0.39753333333333335,0.21421963790141405,0.5406321044889225,0.3355536792331984,-0.01100000000000001,fixed_ed_lo_eu,0.04,0.24,6.0,0.75,7
0.7358,0.6515333333333333,0.7486,0.40473333333333333,0.22898435428268363,0.5362454359248374,0.33026016328910074,-0.012800000000000034,fixed_ed_lo_eu,0.04,0.24,6.0,0.75,8
0.7297333333333333,0.6455666666666666,0.7484666666666666,0.40063333333333334,0.230188179167771,0.5420860425759331,0.3286084767181482,-0.01873333333333327,fixed_ed_lo_eu,0.04,0.24,6.0,0.75,9
0.7361333333333333,0.6504,0.7476333333333334,0.4041,0.2182010302469951,0.533149048107361,0.33020522741640174,-0.011500000000000066,fixed_ed_lo_eu,0.04,0.24,6.0,0.75,10
0.7337,0.6494666666666666,0.7489,0.40696666666666664,0.23191291650073012,0.5343392531268082,0.33478175417486583,-0.015199999999999991,fixed_ed_lo_eu,0.04,0.24,6.0,0.75,11
0.733,0.6463333333333333,0.7463,0.4009333333333333,0.21652870844829852,0.5363794720621734,0.32706056688532603,-0.013299999999999979,fixed_ed_lo_eu,0.04,0.24,6.0,0.75,12
0.7308666666666667,0.6442333333333333,0.7467333333333334,0.4072,0.22953408791787314,0.53254173734488,0.329786333919258,-0.015866666666666696,fixed_ed_lo_eu,0.04,0.24,6.0,0.75,13
0.7370666666666666,0.6479333333333334,0.7504,0.41213333333333335,0.22796474358974358,0.5266080312722103,0.3282287967686726,-0.013333333333333308,fixed_ed_lo_eu,0.04,0.24,6.0,0.75,14
0.7303333333333333,0.649,0.7496,0.40126666666666666,0.22870074547390842,0.5410885805763074,0.33251453639345385,-0.019266666666666765,fixed_ed_lo_eu,0.04,0.24,6.0,0.75,15
0.7361,0.6448,0.7583333333333333,0.4235333333333333,0.2433103448275862,0.5190329670329671,0.34645915795095306,-0.022233333333333327,fixed_ed_lo_eu,0.04,0.24,6.0,0.75,16
0.7357,0.6487333333333334,0.7480666666666667,0.40276666666666666,0.2210902355120402,0.5360484805275822,0.3227065396674109,-0.012366666666666637,fixed_ed_lo_eu,0.04,0.24,6.0,0.75,17
0.7385,0.6501666666666667,0.7517666666666667,0.41063333333333335,0.2294883845843964,0.5295526094089478,0.33258390021293427,-0.013266666666666649,fixed_ed_lo_eu,0.04,0.24,6.0,0.75,18
0.7383666666666666,0.6486,0.7512333333333333,0.4033,0.2164009111617312,0.5348094245019301,0.34393868382550496,-0.012866666666666693,fixed_ed_lo_eu,0.04,0.24,6.0,0.75,19
0.7957333333333333,0.6511333333333333,0.8499,0.5750666666666666,0.36531201421274706,0.3878887712279876,0.49449019084974205,-0.054166666666666696,fixed_ed_lo_eu,0.04,0.24,6.0,0.85,0
0.7990666666666667,0.6513,0.8502,0.5781,0.35447263017356473,0.3824982357092449,0.5014221577106409,-0.05113333333333325,fixed_ed_lo_eu,0.04,0.24,6.0,0.85,1
0.8074333333333333,0.6536666666666666,0.8517666666666667,0.5881666666666666,0.3534967393748595,0.37099362110124057,0.504142011746744,-0.044333333333333336,fixed_ed_lo_eu,0.04,0.24,6.0,0.85,2
0.8005666666666666,0.6532333333333333,0.8486333333333334,0.5768666666666666,0.35454745650737723,0.3834793196904827,0.4735311673662494,-0.0480666666666667,fixed_ed_lo_eu,0.04,0.24,6.0,0.85,3
0.8030333333333334,0.6469666666666667,0.8518333333333333,0.5862,0.3505061867266592,0.3728037566034044,0.48443066252371253,-0.048799999999999955,fixed_ed_lo_eu,0.04,0.24,6.0,0.85,4
0.8011333333333334,0.6521,0.8482666666666666,0.5748666666666666,0.3578646748681898,0.3863171958503615,0.48088971170646794,-0.04713333333333325,fixed_ed_lo_eu,0.04,0.24,6.0,0.85,5
0.7973333333333333,0.6519,0.8476,0.5721333333333334,0.35389326334208226,0.3886267107126003,0.4843366122613952,-0.05026666666666668,fixed_ed_lo_eu,0.04,0.24,6.0,0.85,6
0.7995333333333333,0.6509,0.8519333333333333,0.5868,0.3631247185952274,0.3743250645590422,0.47907634118597303,-0.0524,fixed_ed_lo_eu,0.04,0.24,6.0,0.85,7
0.7985666666666666,0.6485333333333333,0.8501333333333333,0.5797,0.3527580071174377,0.380293287327478,0.49265894288611844,-0.05156666666666665,fixed_ed_lo_eu,0.04,0.24,6.0,0.85,8
0.8032333333333334,0.6469,0.8546,0.5894333333333334,0.35786336542870245,0.3711677978001404,0.4860301737255563,-0.05136666666666667,fixed_ed_lo_eu,0.04,0.24,6.0,0.85,9
0.7972,0.6456,0.8524333333333334,0.5815666666666667,0.36548452676756266,0.3810268642709107,0.4976620528575569,-0.055233333333333356,fixed_ed_lo_eu,0.04,0.24,6.0,0.85,10
0.8001333333333334,0.6497333333333334,0.8461333333333333,0.5753333333333334,0.34077123050259966,0.38201229120705954,0.47410472620930655,-0.04599999999999993,fixed_ed_lo_eu,0.04,0.24,6.0,0.85,11
0.8047,0.6508333333333334,0.8522666666666666,0.5853333333333334,0.35446750902527074,0.3746479974968711,0.49627997155961606,-0.047566666666666646,fixed_ed_lo_eu,0.04,0.24,6.0,0.85,12
0.8021,0.6501,0.8523333333333334,0.5914666666666667,0.3729119638826185,0.3706687524442706,0.47751944523153056,-0.05023333333333335,fixed_ed_lo_eu,0.04,0.24,6.0,0.85,13
0.7962666666666667,0.6488,0.8484333333333334,0.5773,0.34924125797228944,0.3819589046477822,0.480703457537378,-0.052166666666666694,fixed_ed_lo_eu,0.04,0.24,6.0,0.85,14
0.8006333333333333,0.6535,0.8477333333333333,0.5767,0.35310858143607704,0.3831393519974835,0.4765404883575355,-0.04710000000000003,fixed_ed_lo_eu,0.04,0.24,6.0,0.85,15
0.7966333333333333,0.6487,0.8481,0.5786,0.3535220539828835,0.3810871359509492,0.4874567427799291,-0.05146666666666666,fixed_ed_lo_eu,0.04,0.24,6.0,0.85,16
0.7948333333333333,0.6441333333333333,0.8505666666666667,0.5779,0.354004015168414,0.38276443155543366,0.4770858364636696,-0.05573333333333341,fixed_ed_lo_eu,0.04,0.24,6.0,0.85,17
0.8002,0.6474333333333333,0.8459333333333333,0.5717333333333333,0.3362180874080485,0.3853731578532587,0.4709138198339627,-0.04573333333333329,fixed_ed_lo_eu,0.04,0.24,6.0,0.85,18
0.8008333333333333,0.6507333333333334,0.8495,0.5814666666666667,0.3461794019933555,0.3768491269374142,0.46772723378315356,-0.04866666666666675,fixed_ed_lo_eu,0.04,0.24,6.0,0.85,19
0.7643666666666666,0.6494666666666666,0.7486666666666667,0.7138666666666666,0.5347480106100796,0.22600178094390028,0.6631462375141554,0.015699999999999936,fixed_ed_hi_eu,0.16,0.24,1.5,0.75,0
0.7644666666666666,0.6531,0.7478333333333333,0.7142,0.5372108393919366,0.2261199019389347,0.6791312298610594,0.016633333333333278,fixed_ed_hi_eu,0.16,0.24,1.5,0.75,1
0.7632,0.6501,0.7495333333333334,0.7118,0.5419217460739952,0.23143289157698124,0.657760010511599,0.013666666666666605,fixed_ed_hi_eu,0.16,0.24,1.5,0.75,2
0.7676333333333333,0.6521666666666667,0.7527333333333334,0.7147333333333333,0.5386896737665139,0.2274377823044903,0.6778646351088851,0.014899999999999913,fixed_ed_hi_eu,0.16,0.24,1.5,0.75,3
0.7693,0.6518333333333334,0.7539,0.7170333333333333,0.5440877691995124,0.2265110315249591,0.6793833424794584,0.01539999999999997,fixed_ed_hi_eu,0.16,0.24,1.5,0.75,4
0.7619,0.6516,0.7462666666666666,0.7036333333333333,0.5212821860220704,0.2343666249776666,0.6479583292987229,0.015633333333333388,fixed_ed_hi_eu,0.16,0.24,1.5,0.75,5
0.7602333333333333,0.6472,0.7471666666666666,0.7160666666666666,0.5489782465392221,0.22739237118001338,0.6544573266535029,0.013066666666666671,fixed_ed_hi_eu,0.16,0.24,1.5,0.75,6
0.7678333333333334,0.6517333333333334,0.7532333333333333,0.7177,0.542617857625287,0.22494136389786254,0.6749980144973402,0.014600000000000057,fixed_ed_hi_eu,0.16,0.24,1.5,0.75,7
0.7652,0.6529,0.7504333333333333,0.7140666666666666,0.5434753572859623,0.2292009061431173,0.6702775086123046,0.014766666666666706,fixed_ed_hi_eu,0.16,0.24,1.5,0.75,8
0.7642666666666666,0.6505,0.7507,0.7162,0.548870169808798,0.22823142844456284,0.6602624503213207,0.013566666666666616,fixed_ed_hi_eu,0.16,0.24,1.5,0.75,9
0.7680666666666667,0.6538333333333334,0.7502333333333333,0.7156,0.5365007340184171,0.2247745145954592,0.6656749176515531,0.017833333333333368,fixed_ed_hi_eu,0.16,0.24,1.5,0.75,10
0.7628,0.6498,0.7494,0.7101666666666666,0.5422984836392658,0.23369806956676453,0.6847076899629049,0.013400000000000079,fixed_ed_hi_eu,0.16,0.24,1.5,0.75,11
0.7602,0.6441666666666667,0.7504666666666666,0.7172,0.5455516965001336,0.2257262147996802,0.6678002230282997,0.009733333333333372,fixed_ed_hi_eu,0.16,0.24,1.5,0.75,12
0.7673,0.6558333333333334,0.7483666666666666,0.7068,0.526162405616638,0.23246180571021335,0.6740015202191384,0.018933333333333358,fixed_ed_hi_eu,0.16,0.24,1.5,0.75,13
0.7632,0.6484,0.7488,0.7137333333333333,0.5359607218683652,0.2266292735042735,0.6553840104769704,0.014399999999999968,fixed_ed_hi_eu,0.16,0.24,1.5,0.75,14
0.7607666666666667,0.6508666666666667,0.7489333333333333,0.7144333333333334,0.5432819968135953,0.22819120526971692,0.6568353348585095,0.011833333333333362,fixed_ed_hi_eu,0.16,0.24,1.5,0.75,15
0.767,0.6528,0.7503,0.713,0.5309037511680683,0.22639832955706607,0.6895762036932703,0.016700000000000048,fixed_ed_hi_eu,0.16,0.24,1.5,0.75,16
0.7658333333333334,0.6484,0.7504666666666666,0.7136,0.5349986641731231,0.227014302211957,0.6768663151174085,0.01536666666666675,fixed_ed_hi_eu,0.16,0.24,1.5,0.75,17
0.7614666666666666,0.6466,0.7496333333333334,0.7085666666666667,0.5373452270003994,0.2342478545066477,0.6825116375397384,0.011833333333333251,fixed_ed_hi_eu,0.16,0.24,1.5,0.75,18
0.7599333333333333,0.6452,0.7471333333333333,0.7077333333333333,0.5384919588716056,0.23498706165789238,0.6787438730010542,0.012800000000000034,fixed_ed_hi_eu,0.16,0.24,1.5,0.75,19
0.8403,0.6532666666666667,0.8502666666666666,0.8381666666666666,0.6932324131789849,0.13631017719931002,0.7973049530197909,-0.009966666666666568,fixed_ed_hi_eu,0.16,0.24,1.5,0.85,0
0.8391,0.6536,0.8504333333333334,0.8356666666666667,0.6935591709382661,0.13934072825618313,0.7887390350537155,-0.011333333333333417,fixed_ed_hi_eu,0.16,0.24,1.5,0.85,1
0.8401333333333333,0.6517666666666667,0.8504,0.8359666666666666,0.6800356506238859,0.13660238319222326,0.7908235669211708,-0.010266666666666757,fixed_ed_hi_eu,0.16,0.24,1.5,0.85,2
0.8382333333333334,0.6496333333333333,0.8486666666666667,0.8356,0.6925110132158591,0.13888452474469756,0.7996278948769239,-0.010433333333333294,fixed_ed_hi_eu,0.16,0.24,1.5,0.85,3
0.8395333333333334,0.6497666666666667,0.8515,0.8410666666666666,0.6909090909090909,0.13274613427285184,0.7774935438474668,-0.011966666666666681,fixed_ed_hi_eu,0.16,0.24,1.5,0.85,4
0.8421333333333333,0.6582333333333333,0.8489666666666666,0.8373333333333334,0.6826307658353564,0.13514468569633672,0.7783331471052273,-0.006833333333333358,fixed_ed_hi_eu,0.16,0.24,1.5,0.85,5
0.8387333333333333,0.648,0.8495333333333334,0.8381,0.6858661940629154,0.13493682806246568,0.7933063951809178,-0.010800000000000032,fixed_ed_hi_eu,0.16,0.24,1.5,0.85,6
0.8381333333333333,0.6459,0.8494666666666667,0.8386666666666667,0.6939769707705934,0.13569298383299325,0.7738188766146284,-0.011333333333333417,fixed_ed_hi_eu,0.16,0.24,1.5,0.85,7
0.8405666666666667,0.6500666666666667,0.8523666666666667,0.8380666666666666,0.6890946037480243,0.1361307731414493,0.7980292566833398,-0.011800000000000033,fixed_ed_hi_eu,0.16,0.24,1.5,0.85,8
0.8419666666666666,0.6513,0.8534,0.8372666666666667,0.6948613005911778,0.13827044762127957,0.7962960904821966,-0.011433333333333406,fixed_ed_hi_eu,0.16,0.24,1.5,0.85,9
0.8402666666666667,0.6456333333333333,0.8496666666666667,0.8366666666666667,0.6929046563192904,0.13789721459395843,0.7957927066732842,-0.009399999999999964,fixed_ed_hi_eu,0.16,0.24,1.5,0.85,10
0.8408333333333333,0.6494666666666666,0.8495333333333334,0.8403666666666667,0.6876384581302614,0.13258259436553402,0.7877237395908714,-0.008700000000000041,fixed_ed_hi_eu,0.16,0.24,1.5,0.85,11
0.8407,0.6481,0.8489333333333333,0.8362666666666667,0.690423654015887,0.13778074446364064,0.7985214883073297,-0.008233333333333315,fixed_ed_hi_eu,0.16,0.24,1.5,0.85,12
0.8363,0.6494333333333333,0.8450333333333333,0.8302666666666667,0.6797160679716068,0.14212457102283935,0.7893069230702653,-0.00873333333333326,fixed_ed_hi_eu,0.16,0.24,1.5,0.85,13
0.8403333333333334,0.6440666666666667,0.8518333333333333,0.8388,0.6881889763779527,0.1350029348464097,0.7914428647000384,-0.011499999999999955,fixed_ed_hi_eu,0.16,0.24,1.5,0.85,14
0.8409,0.6491333333333333,0.8509666666666666,0.8361666666666666,0.6870946097070006,0.13772572368678757,0.7967900254073692,-0.010066666666666668,fixed_ed_hi_eu,0.16,0.24,1.5,0.85,15
0.8398333333333333,0.6541333333333333,0.8477333333333333,0.8335333333333333,0.6749124343257443,0.1379757785467128,0.7708393257363898,-0.007900000000000018,fixed_ed_hi_eu,0.16,0.24,1.5,0.85,16
0.8405,0.6504333333333333,0.8485666666666667,0.8357666666666667,0.6753246753246753,0.13560120988333269,0.7831717185638206,-0.008066666666666666,fixed_ed_hi_eu,0.16,0.24,1.5,0.85,17
0.8346,0.6529666666666667,0.8451666666666666,0.831,0.6856835306781486,0.14237822914612502,0.7961603126357865,-0.010566666666666613,fixed_ed_hi_eu,0.16,0.24,1.5,0.85,18
0.8361,0.6468,0.8480333333333333,0.8344333333333334,0.6931344593112525,0.14024605951023938,0.789164416659894,-0.011933333333333351,fixed_ed_hi_eu,0.16,0.24,1.5,0.85,19
