team_acc,human_acc,ai_acc,comply_rate,over_reliance,under_reliance,final_trust,complementarity,p_ai,hetero,heuristic,seed
0.7123,0.6528333333333334,0.6506666666666666,0.6743,0.5001908396946565,0.2322233606557377,0.6472861842105263,0.05946666666666667,0.65,False,bayesian,0
0.7064666666666667,0.6447666666666667,0.6484,0.6707666666666666,0.4999051952976868,0.2365823565700185,0.645625,0.05806666666666671,0.65,False,bayesian,1
0.7084333333333334,0.6558,0.6462333333333333,0.6723666666666667,0.5057005559219825,0.23639552277299222,0.6471710526315789,0.05263333333333331,0.65,False,bayesian,2
0.7140666666666666,0.6513666666666666,0.6522333333333333,0.6785333333333333,0.5043611616984568,0.22859917207543312,0.6503618421052632,0.061833333333333296,0.65,False,bayesian,3
0.7077,0.6504333333333333,0.6468,0.6699666666666667,0.5013212533031333,0.23794063079777367,0.6471381578947368,0.05726666666666669,0.65,False,bayesian,4
0.7133333333333334,0.6560333333333334,0.6498,0.6754333333333333,0.5006662859318485,0.23037857802400738,0.6503289473684211,0.05730000000000002,0.65,False,bayesian,5
0.7100666666666666,0.6515,0.6491666666666667,0.6734666666666667,0.5057482185273159,0.23589216944801028,0.6483881578947368,0.058566666666666656,0.65,False,bayesian,6
0.7083666666666667,0.6491666666666667,0.6498666666666667,0.6778,0.5071401370906321,0.23025235945835043,0.6483552631578948,0.058499999999999996,0.65,False,bayesian,7
0.7105,0.6493333333333333,0.6520666666666667,0.6740333333333334,0.4992335696493581,0.2326960433493508,0.6487828947368421,0.05843333333333334,0.65,False,bayesian,8
0.7097333333333333,0.6473333333333333,0.6492666666666667,0.6700333333333334,0.49876449344231133,0.2374473765273642,0.6476151315789473,0.06046666666666667,0.65,False,bayesian,9
0.7095666666666667,0.6477333333333334,0.6492,0.672,0.4943937666286583,0.23202916409940438,0.6468585526315789,0.06036666666666668,0.65,False,bayesian,10
0.7143,0.6531333333333333,0.6483333333333333,0.6733,0.4970616113744076,0.23110539845758354,0.6478289473684211,0.0611666666666667,0.65,False,bayesian,11
0.7069,0.6504333333333333,0.6459,0.6738666666666666,0.5052245128494776,0.23367910409248077,0.6480263157894737,0.056466666666666665,0.65,False,bayesian,12
0.7102333333333334,0.6494,0.6519,0.6723333333333333,0.5046442593124582,0.23812445671626528,0.6489144736842105,0.05833333333333335,0.65,False,bayesian,13
0.7128666666666666,0.6540333333333334,0.6510333333333334,0.6728,0.5003343203744388,0.23475500486406226,0.6499835526315789,0.05883333333333329,0.65,False,bayesian,14
0.7054666666666667,0.6528,0.6474,0.6719666666666667,0.5074683304972585,0.23844094326022036,0.6469407894736843,0.05266666666666664,0.65,False,bayesian,15
0.7089,0.6526666666666666,0.6493333333333333,0.6752,0.505893536121673,0.23336755646817248,0.6479934210526315,0.05623333333333336,0.65,False,bayesian,16
0.7119333333333333,0.6495666666666666,0.6540333333333334,0.6764333333333333,0.508045091049234,0.2344936547576576,0.6510361842105264,0.05789999999999995,0.65,False,bayesian,17
0.7147666666666667,0.6535333333333333,0.6512333333333333,0.6776,0.5024371595144796,0.22859190254389108,0.6514309210526317,0.06123333333333336,0.65,False,bayesian,18
0.7074333333333334,0.6470666666666667,0.6511,0.6762,0.5048246871118754,0.2319664158091435,0.6493914473684211,0.056333333333333346,0.65,False,bayesian,19
0.7116666666666667,0.6484,0.649,0.6715,0.4956315289648623,0.23338469440164356,0.6482236842105263,0.06266666666666665,0.65,False,bayesian,20
0.7113666666666667,0.6525,0.6543666666666667,0.6756,0.5059311409007619,0.23478172278539045,0.6479605263157895,0.05700000000000005,0.65,False,bayesian,21
0.7099666666666666,0.6496,0.6498666666666667,0.6748333333333333,0.5036176694592536,0.23291957324579401,0.6478453947368422,0.06009999999999993,0.65,False,bayesian,22
0.7081,0.6484666666666666,0.6501333333333333,0.6770666666666667,0.5073361280487805,0.2315935192780968,0.6485197368421052,0.05796666666666661,0.65,False,bayesian,23
0.7135,0.655,0.6515,0.6693666666666667,0.4980392156862745,0.2389869531849578,0.6499835526315789,0.058499999999999996,0.65,False,bayesian,24
0.7113666666666667,0.6469333333333334,0.6539,0.6748,0.504382163151305,0.2350002548809706,0.6501151315789474,0.057466666666666666,0.65,False,bayesian,25
0.7086,0.6479666666666667,0.6515333333333333,0.6747666666666666,0.504208915247752,0.23401207408165353,0.650263157894737,0.05706666666666671,0.65,False,bayesian,26
0.7099,0.6534333333333333,0.6484,0.6670333333333334,0.4950701554797118,0.2397182808965659,0.6471052631578948,0.056466666666666665,0.65,False,bayesian,27
0.7098333333333333,0.6532666666666667,0.6508,0.6769,0.5076365024818633,0.23227822167588608,0.6494407894736842,0.056566666666666654,0.65,False,bayesian,28
0.7059,0.6494333333333333,0.6428666666666667,0.6708333333333333,0.5023333955572149,0.23555947319298973,0.644654605263158,0.056466666666666665,0.65,False,bayesian,29
0.7121,0.6547666666666667,0.6487333333333334,0.4281,0.25612070601632186,0.4787791593875244,0.3954789309636038,0.057333333333333236,0.65,False,asymmetric,0
0.7089,0.6516,0.6525,0.4333666666666667,0.26762589928057556,0.47836526181353767,0.39218508906797495,0.056400000000000006,0.65,False,asymmetric,1
0.7044666666666667,0.6461333333333333,0.6465,0.42233333333333334,0.25742574257425743,0.4874967775199794,0.37256767169166194,0.05796666666666672,0.65,False,asymmetric,2
0.7063,0.6431,0.6531333333333333,0.4353666666666667,0.26609648279838555,0.4747371644380933,0.37028125548524443,0.053166666666666695,0.65,False,asymmetric,3
0.7076333333333333,0.6501666666666667,0.6476,0.4221666666666667,0.25898600075671585,0.4890364422483014,0.3810367486766292,0.057466666666666666,0.65,False,asymmetric,4
0.7088333333333333,0.6527,0.6521333333333333,0.43056666666666665,0.2689727865082407,0.48323451236965853,0.39621674767992343,0.05613333333333337,0.65,False,asymmetric,5
0.7092333333333334,0.6505666666666666,0.6513666666666666,0.4306,0.26675590400611915,0.4817051327977074,0.3984685672376581,0.05786666666666673,0.65,False,asymmetric,6
0.7088,0.6486666666666666,0.6474666666666666,0.4283,0.2668305597579425,0.4837829489291598,0.38156711779397084,0.06013333333333337,0.65,False,asymmetric,7
0.7101666666666666,0.6565,0.6483666666666666,0.42556666666666665,0.26400606692577494,0.48681301732558735,0.3834133071316681,0.05366666666666664,0.65,False,asymmetric,8
0.7064666666666667,0.6542666666666667,0.6458,0.4256,0.26811594202898553,0.48802518839682046,0.37016806276524966,0.052200000000000024,0.65,False,asymmetric,9
0.7097,0.6522333333333333,0.6496333333333333,0.43116666666666664,0.2672438397868899,0.48042485504643645,0.38460127378338416,0.057466666666666666,0.65,False,asymmetric,10
0.7065,0.6484,0.6509,0.42973333333333336,0.26678124701613676,0.48286987248425256,0.3934746171471661,0.05559999999999998,0.65,False,asymmetric,11
0.7044333333333334,0.6485,0.6484333333333333,0.42696666666666666,0.2649094529250024,0.48516938261450676,0.37429237057500075,0.05593333333333339,0.65,False,asymmetric,12
0.7067,0.6468333333333334,0.6513,0.43146666666666667,0.2624988050855559,0.4780695020215978,0.3865828704402505,0.055400000000000005,0.65,False,asymmetric,13
0.7109666666666666,0.6503,0.6520666666666667,0.43246666666666667,0.269112856869132,0.4803701053062059,0.38323930592594324,0.05889999999999995,0.65,False,asymmetric,14
0.7085,0.6502666666666667,0.6505333333333333,0.4236333333333333,0.2560091568103777,0.4863189178110269,0.3850446127739642,0.05796666666666672,0.65,False,asymmetric,15
0.7077333333333333,0.6509666666666667,0.6501333333333333,0.4315,0.26714939024390244,0.48005537325676784,0.375082304115391,0.05676666666666663,0.65,False,asymmetric,16
0.7056,0.6471,0.6464666666666666,0.4192666666666667,0.25627003582877617,0.49159533876456635,0.3620369636956559,0.058499999999999996,0.65,False,asymmetric,17
0.7095333333333333,0.6522,0.6529666666666667,0.4259,0.25809240226683317,0.48491500331818876,0.3978464764718459,0.056566666666666654,0.65,False,asymmetric,18
0.7129666666666666,0.6541,0.6555,0.43766666666666665,0.26898887276245764,0.47368421052631576,0.4033167515162435,0.057466666666666666,0.65,False,asymmetric,19
0.7089333333333333,0.6498,0.6501333333333333,0.42706666666666665,0.26410060975609756,0.485233798195242,0.38639865628793535,0.05879999999999996,0.65,False,asymmetric,20
0.7072333333333334,0.6536333333333333,0.6475666666666666,0.4202666666666667,0.2590560862574482,0.4919956761208627,0.38481139039738615,0.05360000000000009,0.65,False,asymmetric,21
0.7085333333333333,0.6521333333333333,0.6481333333333333,0.42883333333333334,0.2618416066691929,0.48050812590002057,0.39484925309229085,0.056400000000000006,0.65,False,asymmetric,22
0.7128333333333333,0.6510333333333334,0.6507,0.4252666666666667,0.25689474186468175,0.4843501869781261,0.3973083433124354,0.061799999999999966,0.65,False,asymmetric,23
0.7093333333333334,0.6444,0.6477666666666667,0.428,0.2522002460490205,0.47640611331240673,0.36728007583874217,0.06156666666666666,0.65,False,asymmetric,24
0.7074,0.6517333333333334,0.6430333333333333,0.4242,0.26155570081240076,0.4855113783629672,0.3845204942189,0.05566666666666664,0.65,False,asymmetric,25
0.7085666666666667,0.6502333333333333,0.6502333333333333,0.4306,0.2657009434861336,0.4806992361716307,0.3789314362108884,0.05833333333333335,0.65,False,asymmetric,26
0.7086666666666667,0.6496666666666666,0.6511,0.42583333333333334,0.26072418075857456,0.4856908820969641,0.3881421751039788,0.057566666666666655,0.65,False,asymmetric,27
0.7074333333333334,0.6474333333333333,0.6507333333333334,0.43216666666666664,0.26694025577400265,0.4791517262575556,0.3884684161852373,0.05669999999999997,0.65,False,asymmetric,28
0.7035666666666667,0.6494333333333333,0.6474,0.427,0.26782000378143317,0.48630419112346823,0.39996256944620917,0.05413333333333337,0.65,False,asymmetric,29
0.7089666666666666,0.6535666666666666,0.6525,0.6744666666666667,0.5070503597122302,0.23637292464878673,0.6496052631578947,0.055400000000000005,0.65,True,bayesian,0
0.7116,0.6538333333333334,0.6467666666666667,0.6785333333333333,0.505237331320185,0.22682059475338864,0.6462335526315789,0.05776666666666663,0.65,True,bayesian,1
0.7055666666666667,0.6334666666666666,0.6520666666666667,0.6773333333333333,0.5045027783100211,0.23044678458235354,0.6500657894736841,0.05349999999999999,0.65,True,bayesian,2
0.7085666666666667,0.6503,0.65,0.6755333333333333,0.5072380952380953,0.23384615384615384,0.6488815789473685,0.05826666666666669,0.65,True,bayesian,3
0.7157333333333333,0.6778,0.6469333333333334,0.6759666666666667,0.510857250755287,0.23392415498763397,0.6469407894736843,0.037933333333333374,0.65,True,bayesian,4
0.7074,0.641,0.6475,0.6691,0.49200945626477544,0.2344916344916345,0.6462171052631579,0.059900000000000064,0.65,True,bayesian,5
0.7089,0.6535333333333333,0.6479,0.6708333333333333,0.5032661175802329,0.2381025878479189,0.6448684210526315,0.055366666666666675,0.65,True,bayesian,6
0.7132,0.6511666666666667,0.6508666666666667,0.6755,0.4985678823754058,0.22959131414524225,0.6490789473684211,0.062033333333333274,0.65,True,bayesian,7
0.7067666666666667,0.6507333333333334,0.6475666666666666,0.6663666666666667,0.5003310318736404,0.2432696762238122,0.6439967105263158,0.05603333333333327,0.65,True,bayesian,8
0.7139,0.6665666666666666,0.6488333333333334,0.6722333333333333,0.5034646416706218,0.23642435139994863,0.6475822368421053,0.04733333333333334,0.65,True,bayesian,9
0.7060666666666666,0.6363,0.6515,0.6769,0.5061692969870876,0.23177283192632386,0.6486677631578947,0.05456666666666665,0.65,True,bayesian,10
0.7083333333333334,0.6334333333333333,0.6502333333333333,0.6782,0.5019536834079863,0.22699543753524376,0.6488815789473685,0.05810000000000004,0.65,True,bayesian,11
0.7094333333333334,0.6473,0.6474666666666666,0.6776,0.5061459909228442,0.2290465403624382,0.6480098684210526,0.061966666666666725,0.65,True,bayesian,12
0.7106,0.6392,0.6540333333333334,0.6774333333333333,0.5021678389054822,0.2298557667804903,0.6510690789473683,0.056566666666666654,0.65,True,bayesian,13
0.7141666666666666,0.6631333333333334,0.6506666666666666,0.6669666666666667,0.4965648854961832,0.24154713114754098,0.6471052631578948,0.051033333333333264,0.65,True,bayesian,14
0.7152333333333334,0.6625,0.6478333333333334,0.6718666666666666,0.4989115002366304,0.23411371237458195,0.6464144736842106,0.05273333333333341,0.65,True,bayesian,15
0.7074,0.6468333333333334,0.6460666666666667,0.6733333333333333,0.501789414202298,0.23269012485811577,0.6448190789473685,0.06056666666666666,0.65,True,bayesian,16
0.7069,0.6381,0.6552333333333333,0.6783,0.5133906990234941,0.2349290329144834,0.6526480263157894,0.05166666666666664,0.65,True,bayesian,17
0.7164666666666667,0.6641666666666667,0.6509,0.6689666666666667,0.49365033896686716,0.23700517232549803,0.6475657894736843,0.05230000000000001,0.65,True,bayesian,18
0.7085,0.654,0.6446,0.6685,0.49887450759707375,0.2379770400248216,0.6435690789473684,0.05449999999999999,0.65,True,bayesian,19
0.7101666666666666,0.6608666666666667,0.6477666666666667,0.6736666666666666,0.5059146399167219,0.23511552513765244,0.644407894736842,0.0492999999999999,0.65,True,bayesian,20
0.7187333333333333,0.6703,0.6541,0.6756,0.5077575407150429,0.2356418488508383,0.6479934210526315,0.04843333333333333,0.65,True,bayesian,21
0.7059,0.6389666666666667,0.6481666666666667,0.6688,0.49493131217432496,0.23682180509128312,0.6476151315789473,0.0577333333333333,0.65,True,bayesian,22
0.7135,0.6515,0.652,0.6787,0.5040229885057471,0.22806748466257667,0.6498684210526315,0.0615,0.65,True,bayesian,23
0.7058,0.6397666666666667,0.6517666666666667,0.6744333333333333,0.5019622858236814,0.23341686697693448,0.6495723684210526,0.05403333333333327,0.65,True,bayesian,24
0.7156,0.6572333333333333,0.6496333333333333,0.6709666666666667,0.4990010465226905,0.23628713633331622,0.6463322368421052,0.05836666666666668,0.65,True,bayesian,25
0.7059333333333333,0.6391333333333333,0.6500333333333334,0.6738333333333333,0.5027145442423088,0.23403928003692118,0.6490460526315789,0.05589999999999995,0.65,True,bayesian,26
0.7138666666666666,0.6543,0.6545666666666666,0.676,0.5036186432500241,0.23302948515557367,0.6502302631578948,0.05930000000000002,0.65,True,bayesian,27
0.7161666666666666,0.6635666666666666,0.6477666666666667,0.6721,0.4949370682312861,0.2315648638913189,0.6497532894736842,0.05259999999999998,0.65,True,bayesian,28
0.7019666666666666,0.6331,0.6490333333333334,0.6747666666666666,0.5079304777281793,0.2350161779056032,0.6475,0.05293333333333328,0.65,True,bayesian,29
0.7138333333333333,0.6579333333333334,0.6533,0.4331,0.26747428131910395,0.4790040308178989,0.38808594077309183,0.05589999999999995,0.65,True,asymmetric,0
0.7042333333333334,0.6458,0.6473666666666666,0.42656666666666665,0.2639190849796767,0.4848360022655888,0.3746574302832038,0.05686666666666673,0.65,True,asymmetric,1
0.7093,0.6525666666666666,0.6515,0.4287,0.26886657101865136,0.48580199539524177,0.38669036547767727,0.05673333333333341,0.65,True,asymmetric,2
0.7093666666666667,0.6582,0.6474666666666666,0.42473333333333335,0.2648449319213313,0.4882104612850082,0.3560690077455949,0.051166666666666694,0.65,True,asymmetric,3
0.7122,0.6615,0.6444,0.4212,0.25693663292088487,0.48815435547279123,0.38476405900077465,0.05070000000000008,0.65,True,asymmetric,4
0.6978333333333333,0.6380333333333333,0.6489,0.4314,0.26630589575619484,0.4792726151949453,0.38453481601944967,0.04893333333333327,0.65,True,asymmetric,5
0.6982333333333334,0.6343,0.6479333333333334,0.42593333333333333,0.2637758000378716,0.48595534520012346,0.3813316947767482,0.05030000000000001,0.65,True,asymmetric,6
0.7034666666666667,0.6341333333333333,0.6556333333333333,0.4364,0.26725389604104155,0.4747572321927907,0.3822534919147564,0.047833333333333394,0.65,True,asymmetric,7
0.6969666666666666,0.6324333333333333,0.6510666666666667,0.42973333333333336,0.2671952617500955,0.4831558468154823,0.3844217090068278,0.04589999999999994,0.65,True,asymmetric,8
0.7026666666666667,0.6459,0.6462,0.41946666666666665,0.2585264744676842,0.49241720829464564,0.38085868786075316,0.056466666666666665,0.65,True,asymmetric,9
0.7102,0.6517666666666667,0.6490333333333334,0.4307666666666667,0.26279798651343905,0.4784037799804838,0.3759727148001483,0.05843333333333334,0.65,True,asymmetric,10
0.7076333333333333,0.6506,0.6478333333333334,0.4251,0.25858968291528633,0.484383843581168,0.39905322681692523,0.05703333333333338,0.65,True,asymmetric,11
0.71,0.6547333333333333,0.643,0.41963333333333336,0.25434173669467786,0.48859512700881286,0.3805345077977276,0.055266666666666686,0.65,True,asymmetric,12
0.7039,0.6494,0.6498,0.42683333333333334,0.26527698458023985,0.48609828665230326,0.36752742707886027,0.054099999999999926,0.65,True,asymmetric,13
0.6965333333333333,0.6275666666666667,0.6487666666666667,0.42643333333333333,0.26108000379614693,0.48404665262292557,0.404225718666887,0.047766666666666624,0.65,True,asymmetric,14
0.7052666666666667,0.6448333333333334,0.6482666666666667,0.42843333333333333,0.26127748294162245,0.48087206910736324,0.38088093896988384,0.05700000000000005,0.65,True,asymmetric,15
0.7067,0.6442333333333333,0.6459666666666667,0.4283666666666667,0.26099237359947275,0.4799009236802725,0.3716328411031898,0.060733333333333306,0.65,True,asymmetric,16
0.7119,0.6495333333333333,0.6554666666666666,0.43493333333333334,0.2693498452012384,0.4780309194467046,0.4031344544989871,0.056433333333333335,0.65,True,asymmetric,17
0.7098,0.6532,0.6481,0.4338666666666667,0.27233115468409586,0.47842411150542613,0.40040955915354604,0.056599999999999984,0.65,True,asymmetric,18
0.7037,0.6482333333333333,0.6519333333333334,0.43033333333333335,0.2669028921662517,0.4824112894979037,0.3844535398773374,0.05176666666666663,0.65,True,asymmetric,19
0.7163,0.6626,0.65,0.4272666666666667,0.2561904761904762,0.4806153846153846,0.38530619018559475,0.05370000000000008,0.65,True,asymmetric,20
0.7131666666666666,0.6591666666666667,0.6514333333333333,0.43283333333333335,0.2693889260782251,0.47971140561838,0.3744216065319816,0.05399999999999994,0.65,True,asymmetric,21
0.7082333333333334,0.6562,0.6436,0.4241666666666667,0.2618780396558174,0.4859643671017195,0.3784574576189737,0.052033333333333376,0.65,True,asymmetric,22
0.7046333333333333,0.6457333333333334,0.6493,0.4292666666666667,0.261381997908944,0.4800554443246573,0.3940399691174006,0.055333333333333345,0.65,True,asymmetric,23
0.7162,0.6662333333333333,0.6499333333333334,0.4341,0.26871072176728245,0.47681813519335314,0.36404721333897244,0.049966666666666604,0.65,True,asymmetric,24
0.6996666666666667,0.6376333333333334,0.6473666666666666,0.4271,0.2596653747991304,0.4816950723443695,0.38571784179886714,0.05230000000000001,0.65,True,asymmetric,25
0.7094666666666667,0.649,0.6501666666666667,0.42633333333333334,0.25707479752262985,0.4825942066136888,0.38184975197275534,0.05930000000000002,0.65,True,asymmetric,26
0.7155333333333334,0.6625,0.6547,0.4368666666666667,0.2668211217298967,0.47344839875770073,0.4022316415062953,0.05303333333333338,0.65,True,asymmetric,27
0.6988333333333333,0.6354333333333333,0.6470666666666667,0.42746666666666666,0.26435587457499055,0.4835668658561714,0.3781401477667808,0.05176666666666663,0.65,True,asymmetric,28
0.7024333333333334,0.6454333333333333,0.6453333333333333,0.4258,0.2662593984962406,0.48651859504132233,0.3965749999369211,0.05700000000000005,0.65,True,asymmetric,29
0.7696,0.6489,0.7492,0.7817,0.6139021796916534,0.1621284926143442,0.7466118421052631,0.020399999999999974,0.75,False,bayesian,0
0.7706666666666667,0.6470666666666667,0.7520666666666667,0.7821,0.614681365958591,0.1627072068079071,0.7468914473684211,0.01860000000000006,0.75,False,bayesian,1
0.7670666666666667,0.6501333333333333,0.7468666666666667,0.7816,0.6232552014748486,0.16473266089440328,0.7464802631578948,0.020199999999999996,0.75,False,bayesian,2
0.7657666666666667,0.6491666666666667,0.7466333333333334,0.7805666666666666,0.6226812261544533,0.16585561855439976,0.7459046052631578,0.019133333333333336,0.75,False,bayesian,3
0.7711333333333333,0.6454666666666666,0.7495666666666667,0.7841333333333333,0.6129375748702249,0.15866945346200026,0.7465789473684211,0.021566666666666623,0.75,False,bayesian,4
0.7686333333333333,0.6471666666666667,0.7499,0.7839666666666667,0.6192189790750366,0.16108814508601146,0.7491611842105264,0.01873333333333327,0.75,False,bayesian,5
0.771,0.6512333333333333,0.7503333333333333,0.7793666666666667,0.6086782376502002,0.16383829409151487,0.7469078947368422,0.020666666666666722,0.75,False,bayesian,6
0.7705666666666666,0.6456666666666667,0.7507333333333334,0.7835333333333333,0.6087189087991441,0.15842287541070954,0.7474342105263158,0.01983333333333326,0.75,False,bayesian,7
0.7717,0.6494,0.7522,0.7848333333333334,0.6178369652945924,0.16015244172649118,0.7485526315789474,0.019500000000000073,0.75,False,bayesian,8
0.7697333333333334,0.6496333333333333,0.7504333333333333,0.7777333333333334,0.6059837050888206,0.1651490250077733,0.7430592105263157,0.019300000000000095,0.75,False,bayesian,9
0.772,0.6469666666666667,0.7528,0.7779666666666667,0.6004584681769147,0.16374424371236274,0.7464802631578948,0.019199999999999995,0.75,False,bayesian,10
0.7694333333333333,0.6450333333333333,0.7473666666666666,0.7795333333333333,0.6044333025465101,0.16127737389054903,0.7449177631578948,0.02206666666666668,0.75,False,bayesian,11
0.7689333333333334,0.6513666666666666,0.7497666666666667,0.7810333333333334,0.6132942586918876,0.16298403947894902,0.7436348684210526,0.019166666666666665,0.75,False,bayesian,12
0.7694333333333333,0.6446333333333333,0.7506666666666667,0.7846,0.6164438502673797,0.15954706927175843,0.7474013157894737,0.018766666666666598,0.75,False,bayesian,13
0.7716,0.6506333333333333,0.7467333333333334,0.7758,0.6056857067649382,0.16650299080439246,0.7420723684210526,0.024866666666666593,0.75,False,bayesian,14
0.7702,0.6523333333333333,0.7492333333333333,0.7794666666666666,0.6062740927821347,0.16256617876051074,0.745986842105263,0.02096666666666669,0.75,False,bayesian,15
0.7677333333333334,0.6499666666666667,0.7491333333333333,0.7811333333333333,0.6166622375764018,0.16378926759811338,0.7473190789473685,0.01860000000000006,0.75,False,bayesian,16
0.7707666666666667,0.6481666666666667,0.7529666666666667,0.7807666666666667,0.6078801781136149,0.16251272743370668,0.7479934210526317,0.017800000000000038,0.75,False,bayesian,17
0.7696333333333333,0.6502,0.7485,0.7836666666666666,0.6100728959575878,0.1580048986862614,0.7479111842105263,0.021133333333333226,0.75,False,bayesian,18
0.7688666666666667,0.6501,0.7476,0.7827,0.6187268885367142,0.16194043160335295,0.7447697368421052,0.021266666666666656,0.75,False,bayesian,19
0.7696,0.6519333333333334,0.7515666666666667,0.7875,0.6294109754461291,0.16024304785559054,0.7484539473684211,0.018033333333333235,0.75,False,bayesian,20
0.7676,0.6477333333333334,0.7482666666666666,0.7843,0.6191737288135594,0.160147897362794,0.7453125,0.019333333333333313,0.75,False,bayesian,21
0.7715333333333333,0.6465666666666666,0.7537666666666667,0.7792666666666667,0.6152700690402058,0.16716048290806174,0.7475328947368421,0.017766666666666597,0.75,False,bayesian,22
0.7729666666666667,0.6470333333333333,0.7503,0.7814,0.6016553197169937,0.1587809320716158,0.7467434210526317,0.022666666666666724,0.75,False,bayesian,23
0.7701666666666667,0.6518666666666667,0.7493666666666666,0.7795,0.6137784279824444,0.16507272808149104,0.7466118421052633,0.02080000000000004,0.75,False,bayesian,24
0.7737666666666667,0.6506666666666666,0.75,0.7844,0.6126666666666667,0.15835555555555555,0.7463486842105262,0.023766666666666714,0.75,False,bayesian,25
0.7682333333333333,0.6506,0.7508333333333334,0.7847,0.6210033444816053,0.16097669256381797,0.7489144736842106,0.01739999999999997,0.75,False,bayesian,26
0.7687666666666667,0.6483666666666666,0.7491666666666666,0.7814,0.6156810631229236,0.16311457174638488,0.7461677631578948,0.019600000000000062,0.75,False,bayesian,27
0.7655333333333333,0.6512333333333333,0.7474,0.7835333333333333,0.6206122987595671,0.1614039782356614,0.7453453947368422,0.018133333333333335,0.75,False,bayesian,28
0.7730333333333334,0.6485,0.7524,0.7882,0.6188745288099085,0.1560783271309587,0.7505427631578947,0.020633333333333392,0.75,False,bayesian,29
0.7546333333333334,0.6486666666666666,0.7492666666666666,0.5658,0.37170965168838077,0.36924993326808436,0.49369480469506355,0.005366666666666742,0.75,False,asymmetric,0
0.7574333333333333,0.6496333333333333,0.7519,0.5706333333333333,0.3731022437189305,0.36418850024382676,0.4933603676546191,0.005533333333333279,0.75,False,asymmetric,1
0.7573333333333333,0.6515333333333333,0.7515666666666667,0.5716,0.37058902455387094,0.36195502727635603,0.49960732985224665,0.005766666666666587,0.75,False,asymmetric,2
0.7588666666666667,0.6512666666666667,0.7515,0.5674,0.36163648558014755,0.3645597693501885,0.48892337846536454,0.0073666666666667435,0.75,False,asymmetric,3
0.7597333333333334,0.6518,0.7504666666666666,0.5739666666666666,0.37630243120491585,0.36030914097894645,0.5089406377403293,0.009266666666666756,0.75,False,asymmetric,4
0.7563333333333333,0.6505,0.7534,0.5742666666666667,0.3784806704514734,0.36164941155649943,0.5216067385093648,0.0029333333333333433,0.75,False,asymmetric,5
0.7589,0.6523666666666667,0.7526666666666667,0.5667333333333333,0.36765498652291106,0.3678476527900797,0.5007396589240178,0.006233333333333313,0.75,False,asymmetric,6
0.7613666666666666,0.6538,0.7541333333333333,0.5708333333333333,0.3703904555314534,0.36381718528995755,0.5178798144442095,0.007233333333333314,0.75,False,asymmetric,7
0.7559333333333333,0.6486,0.7510666666666667,0.567,0.37118371719335835,0.3680987040653293,0.5057994206825299,0.004866666666666686,0.75,False,asymmetric,8
0.7551,0.6465333333333333,0.7500666666666667,0.5679,0.36903174179781273,0.3658341480757266,0.5008459724406598,0.005033333333333334,0.75,False,asymmetric,9
0.7598666666666667,0.6483333333333333,0.7525,0.5683666666666667,0.3723905723905724,0.3671760797342193,0.4982891755110765,0.0073666666666667435,0.75,False,asymmetric,10
0.7573666666666666,0.6484666666666666,0.7527,0.5653666666666667,0.3589432538077908,0.366812807227315,0.5153335167430396,0.004666666666666597,0.75,False,asymmetric,11
0.7570666666666667,0.6506666666666666,0.7491666666666666,0.5651333333333334,0.36345514950166113,0.36734149054505005,0.4739873516119196,0.007900000000000018,0.75,False,asymmetric,12
0.7565,0.6454333333333333,0.7535333333333334,0.5738333333333333,0.3694887746821747,0.35932938158011146,0.505604003157366,0.002966666666666562,0.75,False,asymmetric,13
0.7532333333333333,0.6494333333333333,0.746,0.5618333333333333,0.368241469816273,0.3722520107238606,0.48432207166896535,0.007233333333333314,0.75,False,asymmetric,14
0.7542333333333333,0.6560333333333334,0.7457333333333334,0.5634333333333333,0.37598321971683274,0.37265331664580725,0.5018042388364432,0.008499999999999952,0.75,False,asymmetric,15
0.7559333333333333,0.6494,0.7518333333333334,0.5742333333333334,0.38535930154466086,0.3634227444025715,0.5007010845162427,0.0040999999999999925,0.75,False,asymmetric,16
0.7582666666666666,0.6534666666666666,0.7502666666666666,0.5662,0.3647891083822744,0.3667584858716901,0.5093272511264463,0.008000000000000007,0.75,False,asymmetric,17
0.7598666666666667,0.6500333333333334,0.7533666666666666,0.5746333333333333,0.3680227057710501,0.35772753417990355,0.5068795672745284,0.006500000000000061,0.75,False,asymmetric,18
0.7620666666666667,0.6576,0.7517666666666667,0.5699333333333333,0.365247750772123,0.36247949275041014,0.5002909780423174,0.010299999999999976,0.75,False,asymmetric,19
0.7591333333333333,0.6491666666666667,0.7498333333333334,0.5682,0.3649566955363091,0.3639919982218271,0.504559554256694,0.009299999999999975,0.75,False,asymmetric,20
0.7566333333333334,0.6518,0.7471333333333333,0.5638,0.36145531241761136,0.3677166056928705,0.4960194036351558,0.009500000000000064,0.75,False,asymmetric,21
0.7592,0.6485666666666666,0.7521333333333333,0.5761333333333334,0.36551909628832707,0.3544584293564971,0.5050882146647073,0.0070666666666666655,0.75,False,asymmetric,22
0.7607666666666667,0.6481666666666667,0.7518666666666667,0.5668666666666666,0.36123052122514776,0.36526866465685404,0.5039730992957039,0.008900000000000019,0.75,False,asymmetric,23
0.7545,0.6487,0.7494666666666666,0.5664666666666667,0.3709419904204364,0.3681729229674435,0.5011240399310155,0.005033333333333334,0.75,False,asymmetric,24
0.7574666666666666,0.6514333333333333,0.7509666666666667,0.5649666666666666,0.36166510507294874,0.367615073904745,0.5010817829906745,0.00649999999999995,0.75,False,asymmetric,25
0.7538333333333334,0.6472666666666667,0.7501,0.5691333333333334,0.37108176603974924,0.3648846820423943,0.5026826482824069,0.0037333333333333663,0.75,False,asymmetric,26
0.7574333333333333,0.6543333333333333,0.7478333333333333,0.5592,0.36179775280898874,0.3742366837530644,0.4952474969191447,0.009599999999999942,0.75,False,asymmetric,27
0.7536333333333334,0.6506333333333333,0.7500666666666667,0.5677333333333333,0.37463323552947453,0.3679228513021065,0.5037559434035449,0.003566666666666718,0.75,False,asymmetric,28
0.7564666666666666,0.6513666666666666,0.7489666666666667,0.5667333333333333,0.36382950471384945,0.3652588010147314,0.5114905461328959,0.007499999999999951,0.75,False,asymmetric,29
0.7691333333333333,0.6554666666666666,0.7477,0.7815,0.609327520147972,0.16040301368641613,0.7444078947368421,0.021433333333333304,0.75,True,bayesian,0
0.7748666666666667,0.6559333333333334,0.7517,0.7866666666666666,0.621425694724124,0.15875127488803156,0.7456907894736841,0.02316666666666667,0.75,True,bayesian,1
0.7683333333333333,0.6452666666666667,0.7501,0.7852666666666667,0.6183806856075764,0.1591343376438697,0.7478453947368422,0.018233333333333324,0.75,True,bayesian,2
0.7683,0.6570333333333334,0.7474666666666666,0.7809,0.616156282998944,0.16344095611844453,0.744671052631579,0.02083333333333337,0.75,True,bayesian,3
0.7769333333333334,0.6580666666666667,0.7555,0.7851666666666667,0.6118609406952965,0.15874696668872712,0.7511348684210526,0.021433333333333415,0.75,True,bayesian,4
0.7714333333333333,0.6650333333333334,0.7478666666666667,0.7847333333333333,0.6173982020095188,0.15885184524870744,0.7461184210526315,0.023566666666666625,0.75,True,bayesian,5
0.7729666666666667,0.6542,0.7514333333333333,0.7774,0.6086898216440928,0.16679235239320409,0.7450493421052633,0.021533333333333404,0.75,True,bayesian,6
0.7689,0.6546666666666666,0.7471333333333333,0.7792666666666667,0.6117848668600053,0.16404925492995448,0.7441447368421052,0.021766666666666712,0.75,True,bayesian,7
0.7686666666666667,0.6542333333333333,0.7476333333333334,0.7805,0.6108836349227315,0.16224530741450802,0.7444901315789474,0.02103333333333335,0.75,True,bayesian,8
0.7698,0.6554666666666666,0.7497666666666667,0.7868,0.6227520980418276,0.15844929533632685,0.7464638157894737,0.020033333333333347,0.75,True,bayesian,9
0.7726,0.6416666666666667,0.7527333333333334,0.7851666666666667,0.6135076840118631,0.15844477902754406,0.747532894736842,0.019866666666666588,0.75,True,bayesian,10
0.7714333333333333,0.6516333333333333,0.7522666666666666,0.7821666666666667,0.6151776103336921,0.16284119106699751,0.7495559210526317,0.019166666666666665,0.75,True,bayesian,11
0.7668666666666667,0.6454666666666666,0.7493,0.7850666666666667,0.6246509772636617,0.16126162195827218,0.7467763157894737,0.01756666666666673,0.75,True,bayesian,12
0.7701,0.6457333333333334,0.7483333333333333,0.7811333333333333,0.6088741721854305,0.16093541202672607,0.7466776315789474,0.021766666666666712,0.75,True,bayesian,13
0.7683666666666666,0.6476333333333333,0.748,0.7809666666666667,0.6137566137566137,0.16270053475935828,0.7466611842105263,0.020366666666666644,0.75,True,bayesian,14
0.775,0.6579666666666667,0.7511,0.7823333333333333,0.6114905584572118,0.16105267829405762,0.7470065789473685,0.023900000000000032,0.75,True,bayesian,15
0.7703666666666666,0.6511,0.7529666666666667,0.7869666666666667,0.6274456888409121,0.16069768471379875,0.7483059210526316,0.01739999999999997,0.75,True,bayesian,16
0.7680666666666667,0.6532,0.7498333333333334,0.7808,0.6146568954030647,0.16376972660591244,0.7448190789473683,0.018233333333333324,0.75,True,bayesian,17
0.7673,0.6465666666666666,0.7507333333333334,0.7857,0.6239636266381385,0.16059852588580056,0.7490460526315789,0.01656666666666662,0.75,True,bayesian,18
0.7669333333333334,0.6442666666666667,0.7478666666666667,0.7800666666666667,0.6126388154415653,0.16348725262970226,0.7455592105263159,0.019066666666666676,0.75,True,bayesian,19
0.7726666666666666,0.6607,0.7482333333333333,0.7805666666666666,0.6062491725142327,0.16077872321468348,0.7449506578947367,0.024433333333333307,0.75,True,bayesian,20
0.7708,0.6507,0.7494333333333333,0.7816333333333333,0.616336304376746,0.16310100965173688,0.7471710526315789,0.021366666666666756,0.75,True,bayesian,21
0.7716,0.6553333333333333,0.7492666666666666,0.7835333333333333,0.6092794469555969,0.1581546400925349,0.7466611842105263,0.022333333333333316,0.75,True,bayesian,22
0.7694666666666666,0.6418,0.7508666666666667,0.7895,0.6226919989296227,0.1551540442155731,0.7478782894736843,0.01859999999999995,0.75,True,bayesian,23
0.7775666666666666,0.6646666666666666,0.7547,0.7892,0.6161163201521946,0.15454264387615388,0.7500164473684211,0.02286666666666659,0.75,True,bayesian,24
0.7682333333333333,0.6555333333333333,0.7485666666666667,0.78,0.613946705554819,0.16422496326312508,0.7444078947368422,0.01966666666666661,0.75,True,bayesian,25
0.768,0.6426333333333333,0.7517,0.7824,0.6148476305544368,0.16225444547913617,0.7464473684210526,0.01629999999999998,0.75,True,bayesian,26
0.7758666666666667,0.6546666666666666,0.7546666666666667,0.7804333333333333,0.6042119565217391,0.1622791519434629,0.7463157894736842,0.021199999999999997,0.75,True,bayesian,27
0.7632333333333333,0.6415666666666666,0.7485,0.7837666666666666,0.618157720344599,0.16058784235136941,0.7458223684210527,0.014733333333333265,0.75,True,bayesian,28
0.7752333333333333,0.6603666666666667,0.7557333333333334,0.7896666666666666,0.6304585152838428,0.1588743824982357,0.7503453947368421,0.019499999999999962,0.75,True,bayesian,29
0.7481333333333333,0.6338333333333334,0.7506,0.5678,0.3696872493985565,0.36637356781241676,0.4979699851060407,-0.002466666666666728,0.75,True,asymmetric,0
0.7549,0.6449666666666667,0.7493333333333333,0.5677666666666666,0.36662234042553193,0.3649466192170818,0.5173165555197542,0.00556666666666672,0.75,True,asymmetric,1
0.7551666666666667,0.6388,0.7492,0.5703333333333334,0.35685805422647526,0.35820430681615945,0.49754198921191983,0.005966666666666676,0.75,True,asymmetric,2
0.7538,0.6431666666666667,0.7522333333333333,0.5753666666666667,0.38046549172608635,0.3604378074179111,0.5000893284897743,0.0015666666666667162,0.75,True,asymmetric,3
0.7616666666666667,0.6540333333333334,0.7528,0.5735666666666667,0.3709546925566343,0.35990081473609636,0.49405939786086717,0.00886666666666669,0.75,True,asymmetric,4
0.7582,0.6567,0.7521,0.5694,0.381605486083098,0.36870097061560964,0.5044655796639164,0.006099999999999994,0.75,True,asymmetric,5
0.7548333333333334,0.6519666666666667,0.7510666666666667,0.5637,0.37252276379217997,0.3729362684182496,0.4971234059236533,0.003766666666666696,0.75,True,asymmetric,6
0.7562333333333333,0.6521,0.7489,0.565,0.3663878932696137,0.36840699692882894,0.49077840952125373,0.007333333333333303,0.75,True,asymmetric,7
0.7529333333333333,0.6501333333333333,0.7468666666666667,0.5636,0.36186462997102975,0.36802642149424264,0.49255306726269565,0.006066666666666665,0.75,True,asymmetric,8
0.7531,0.6428,0.7455666666666667,0.5646333333333333,0.3635529935805057,0.36674565207672016,0.49866524373165133,0.007533333333333281,0.75,True,asymmetric,9
0.7549,0.6464666666666666,0.7518,0.5679,0.3752350255170561,0.36849339363305844,0.4918053491367407,0.0030999999999999917,0.75,True,asymmetric,10
0.7515,0.6431,0.7474,0.5646666666666667,0.3661916072842439,0.36825439300686824,0.5004170663382708,0.0040999999999999925,0.75,True,asymmetric,11
0.7581333333333333,0.6511,0.7497666666666667,0.5642666666666667,0.36645797255894497,0.36971502245142934,0.5050445360457877,0.008366666666666633,0.75,True,asymmetric,12
0.7565,0.6557,0.7477,0.5624,0.3704584489364513,0.3728322410949133,0.4882020103533985,0.008799999999999919,0.75,True,asymmetric,13
0.7611333333333333,0.6570333333333334,0.7546,0.5739666666666666,0.378158109209454,0.3623553317430869,0.5067219814214589,0.00653333333333328,0.75,True,asymmetric,14
0.7557666666666667,0.6484,0.7543,0.5678666666666666,0.37606837606837606,0.36965840293428787,0.49540104167652865,0.0014666666666667272,0.75,True,asymmetric,15
0.7609333333333334,0.6700333333333334,0.7470666666666667,0.5610666666666667,0.3726937269372694,0.37515616633946103,0.5111070403893426,0.013866666666666694,0.75,True,asymmetric,16
0.7554666666666666,0.6493,0.748,0.5625333333333333,0.3697089947089947,0.37250445632798573,0.4908990599502275,0.0074666666666666215,0.75,True,asymmetric,17
0.7586666666666667,0.6512,0.7502333333333333,0.5724666666666667,0.37074602962765246,0.36037677167103566,0.49675548083516313,0.008433333333333404,0.75,True,asymmetric,18
0.7520666666666667,0.6407333333333334,0.7471333333333333,0.5593333333333333,0.35815976799367255,0.372579637726421,0.4905766168760286,0.004933333333333345,0.75,True,asymmetric,19
0.7599,0.6543,0.7538666666666667,0.5762,0.3793336944745395,0.35952423063318006,0.5023120715523288,0.006033333333333335,0.75,True,asymmetric,20
0.7588666666666667,0.6499666666666667,0.7502,0.5700333333333333,0.3654923939151321,0.36185905980627386,0.4912846814061739,0.008666666666666711,0.75,True,asymmetric,21
0.7672,0.6651666666666667,0.7533666666666666,0.5736,0.3682930125692661,0.3591876465643113,0.5071440508074322,0.013833333333333364,0.75,True,asymmetric,22
0.7553666666666666,0.6478333333333334,0.7485666666666667,0.5667333333333333,0.3647090017234522,0.365409449169524,0.5088309365408079,0.006799999999999917,0.75,True,asymmetric,23
0.7578666666666667,0.6506666666666666,0.7508,0.5705,0.36757624398073835,0.3621470431539691,0.5069811845293158,0.0070666666666666655,0.75,True,asymmetric,24
0.7506333333333334,0.6358333333333334,0.7478666666666667,0.5634,0.36356425171866735,0.3692280263861651,0.48396863885665853,0.002766666666666695,0.75,True,asymmetric,25
0.7552,0.6511333333333333,0.7501,0.5639666666666666,0.36307856475923705,0.36910634137670534,0.5059365055983026,0.005099999999999993,0.75,True,asymmetric,26
0.7633,0.6518666666666667,0.7561,0.5778,0.3725570589039224,0.35599347528986464,0.5131057195165305,0.007199999999999984,0.75,True,asymmetric,27
0.7609666666666667,0.6600333333333334,0.753,0.5726666666666667,0.3792172739541161,0.36387782204515273,0.5081027915883234,0.007966666666666677,0.75,True,asymmetric,28
0.7591333333333333,0.6515666666666666,0.752,0.5716333333333333,0.3682795698924731,0.3613031914893617,0.5091219893716376,0.007133333333333325,0.75,True,asymmetric,29
0.8485,0.6483,0.8530666666666666,0.8808333333333334,0.7461433756805808,0.09596748984057518,0.8466282894736841,-0.004566666666666608,0.85,False,bayesian,0
0.8481333333333333,0.6492,0.8526333333333334,0.8796666666666667,0.7457588780818819,0.09718910043394972,0.8480263157894737,-0.0045000000000000595,0.85,False,bayesian,1
0.8449,0.6517,0.848,0.8811333333333333,0.7480263157894737,0.09500786163522013,0.8433552631578948,-0.0030999999999999917,0.85,False,bayesian,2
0.8494666666666667,0.6505,0.8533666666666667,0.8828666666666667,0.753353034780632,0.09487910628491075,0.8469736842105263,-0.0039000000000000146,0.85,False,bayesian,3
0.8431,0.6564333333333333,0.8480333333333333,0.883,0.7543320903706954,0.09394284815848433,0.8466611842105263,-0.004933333333333345,0.85,False,bayesian,4
0.8459666666666666,0.6513,0.8496,0.8801,0.745345744680851,0.096045197740113,0.8433223684210528,-0.0036333333333333773,0.85,False,bayesian,5
0.8460333333333333,0.6545,0.8483333333333334,0.8807333333333334,0.7452747252747253,0.095049115913556,0.8446217105263158,-0.0023000000000000798,0.85,False,bayesian,6
0.8502333333333333,0.6479666666666667,0.8526333333333334,0.8855333333333333,0.7477946166025786,0.09066030728331835,0.8470065789473685,-0.0024000000000000687,0.85,False,bayesian,7
0.8458666666666667,0.6480666666666667,0.8493333333333334,0.8801333333333333,0.7449115044247787,0.09587912087912089,0.8444901315789474,-0.003466666666666729,0.85,False,bayesian,8
0.8469333333333333,0.6526666666666666,0.8497666666666667,0.8786666666666667,0.7379631684047038,0.09645785117483231,0.8448519736842105,-0.0028333333333333544,0.85,False,bayesian,9
0.8495,0.6513666666666666,0.8539,0.8813666666666666,0.7435546429386265,0.09505406565952297,0.8470559210526316,-0.0043999999999999595,0.85,False,bayesian,10
0.8454666666666667,0.6497666666666667,0.8491,0.8857,0.7545836094543849,0.09099831193813057,0.8470394736842104,-0.0036333333333332662,0.85,False,bayesian,11
0.8468,0.6524,0.8500333333333333,0.8788,0.7474994443209602,0.09803537116191521,0.8464638157894737,-0.0032333333333333103,0.85,False,bayesian,12
0.8463666666666667,0.6513333333333333,0.8493666666666667,0.8818666666666667,0.7466253595928303,0.0941485812958675,0.8446381578947368,-0.0030000000000000027,0.85,False,bayesian,13
0.8467666666666667,0.6545666666666666,0.8496,0.8796333333333334,0.7486702127659575,0.09718298807281858,0.8435690789473685,-0.0028333333333333544,0.85,False,bayesian,14
0.8463,0.6481666666666667,0.8514,0.8791333333333333,0.7440556303275011,0.09729073682562055,0.8450657894736843,-0.005099999999999993,0.85,False,bayesian,15
0.8473333333333334,0.6525,0.8515666666666667,0.8838333333333334,0.7527509544127554,0.09331819783144792,0.8468914473684211,-0.004233333333333311,0.85,False,bayesian,16
0.8426,0.6502666666666667,0.8483,0.8788666666666667,0.7462096242584048,0.09741050728908798,0.8445888157894736,-0.005700000000000038,0.85,False,bayesian,17
0.8493333333333334,0.6508333333333334,0.8533,0.8827,0.7414224039990911,0.09301144575959998,0.8484210526315789,-0.003966666666666563,0.85,False,bayesian,18
0.8454,0.6474,0.8507666666666667,0.8812333333333333,0.7505025686843869,0.09583512909924381,0.8448026315789474,-0.005366666666666631,0.85,False,bayesian,19
0.8486,0.6476333333333333,0.853,0.8827666666666667,0.7496598639455783,0.094294646346229,0.848125,-0.0043999999999999595,0.85,False,bayesian,20
0.8473666666666667,0.6490333333333334,0.8527666666666667,0.8789,0.7453022413402762,0.09803385060391666,0.8454769736842106,-0.00539999999999996,0.85,False,bayesian,21
0.8472666666666666,0.6525666666666666,0.8509666666666666,0.8822333333333333,0.7459181391187654,0.09389321947589016,0.8464473684210526,-0.0037000000000000366,0.85,False,bayesian,22
0.8447666666666667,0.6478,0.8492,0.8807,0.745579133510168,0.09530538546082587,0.8454769736842106,-0.004433333333333289,0.85,False,bayesian,23
0.8490666666666666,0.6543666666666667,0.8485333333333334,0.8770333333333333,0.7257922535211268,0.09596951602765556,0.8433552631578947,0.0005333333333332746,0.85,False,bayesian,24
0.8431,0.6557666666666667,0.8478,0.8802333333333333,0.7512045554095489,0.09660297239915075,0.8454111842105263,-0.0047000000000000375,0.85,False,bayesian,25
0.8476333333333333,0.6527333333333334,0.8503,0.8849,0.7541750167000668,0.09208514641891097,0.8471875,-0.002666666666666595,0.85,False,bayesian,26
0.8474,0.6537666666666667,0.8508333333333333,0.8802,0.7452513966480447,0.09614103819784525,0.8465131578947367,-0.0034333333333332883,0.85,False,bayesian,27
0.8438666666666667,0.6522,0.8446666666666667,0.8786,0.7360515021459227,0.09518547750591949,0.8418092105263159,-0.0008000000000000229,0.85,False,bayesian,28
0.8462666666666666,0.6461333333333333,0.8514,0.8838,0.7514580529385375,0.09310155821783729,0.8450822368421052,-0.005133333333333434,0.85,False,bayesian,29
0.8250333333333333,0.648,0.8498,0.7228,0.519751442521083,0.24131168117988547,0.6584678150148281,-0.024766666666666715,0.85,False,asymmetric,0
0.8265666666666667,0.6484,0.8505,0.7290333333333333,0.5340022296544036,0.23668430335097002,0.6569909680202369,-0.023933333333333362,0.85,False,asymmetric,1
0.8244666666666667,0.6535333333333333,0.8488333333333333,0.7174333333333334,0.5131201764057332,0.24618103279010406,0.6471378822732525,-0.024366666666666648,0.85,False,asymmetric,2
0.8272333333333334,0.6445,0.8522666666666666,0.7305,0.532942238267148,0.23525500625782228,0.6534912968721115,-0.02503333333333324,0.85,False,asymmetric,3
0.8271666666666667,0.6482,0.8523666666666667,0.7302333333333333,0.5287875366899978,0.23487544483985764,0.6508706840860679,-0.0252,0.85,False,asymmetric,4
0.8220666666666666,0.6583,0.8468,0.7258666666666667,0.5287206266318538,0.2384663832467328,0.641448274467062,-0.024733333333333385,0.85,False,asymmetric,5
0.8259,0.6505,0.8517666666666667,0.7276666666666667,0.5266471778727232,0.23734982193871562,0.6584507493721179,-0.025866666666666704,0.85,False,asymmetric,6
0.8283666666666667,0.6533333333333333,0.8491666666666666,0.7278333333333333,0.5299447513812154,0.23701668302257115,0.6372717989732485,-0.02079999999999993,0.85,False,asymmetric,7
0.8258,0.6513,0.8488666666666667,0.7242666666666666,0.5189677988531098,0.23918165396999921,0.6522679315221852,-0.02306666666666668,0.85,False,asymmetric,8
0.8288666666666666,0.6509666666666667,0.8531333333333333,0.7304666666666667,0.5276895142986836,0.234625302805345,0.6486263341752609,-0.02426666666666666,0.85,False,asymmetric,9
0.8234666666666667,0.6516333333333333,0.8484666666666667,0.7217,0.5134183897932248,0.2411015950341793,0.6554474712042746,-0.025000000000000022,0.85,False,asymmetric,10
0.8234666666666667,0.6506,0.8468333333333333,0.7229,0.5268770402611535,0.24164534540444793,0.6454345321823597,-0.023366666666666647,0.85,False,asymmetric,11
0.8266,0.649,0.85,0.7222333333333333,0.504,0.2392549019607843,0.6433782025268079,-0.023399999999999976,0.85,False,asymmetric,12
0.8230333333333333,0.6503666666666666,0.8471666666666666,0.7202333333333333,0.5188658669574701,0.24343891402714932,0.6482813095164129,-0.02413333333333334,0.85,False,asymmetric,13
0.8283333333333334,0.6514333333333333,0.8514,0.7316333333333334,0.5311799013010319,0.23338031477566362,0.6585831866827473,-0.02306666666666668,0.85,False,asymmetric,14
0.8229666666666666,0.6481333333333333,0.8506333333333334,0.7216666666666667,0.5262218254853828,0.24401426388181355,0.6722085623191976,-0.027666666666666728,0.85,False,asymmetric,15
0.8249,0.6488333333333334,0.8491666666666666,0.7222,0.5131491712707182,0.24066732090284593,0.6576225114296327,-0.02426666666666666,0.85,False,asymmetric,16
0.8205666666666667,0.65,0.8483666666666667,0.719,0.5262695097823697,0.24655219834191192,0.6647048232350227,-0.027800000000000047,0.85,False,asymmetric,17
0.8253333333333334,0.6518,0.8493333333333334,0.7226666666666667,0.5216814159292036,0.24167974882260596,0.6417827303042347,-0.02400000000000002,0.85,False,asymmetric,18
0.8226666666666667,0.6512666666666667,0.8467666666666667,0.719,0.518164020013052,0.24465614297523913,0.6260645636907743,-0.02410000000000001,0.85,False,asymmetric,19
0.825,0.6528333333333334,0.8490333333333333,0.7251666666666666,0.5248399205122544,0.2392132228809234,0.6465471366452238,-0.02403333333333335,0.85,False,asymmetric,20
0.8225666666666667,0.6479666666666667,0.8505,0.7277,0.5255295429208473,0.23676268861454047,0.6534735274379687,-0.027933333333333366,0.85,False,asymmetric,21
0.8264666666666667,0.6551,0.8468,0.7221333333333333,0.5063098346388164,0.23882065816406864,0.6466272857149984,-0.020333333333333314,0.85,False,asymmetric,22
0.8298666666666666,0.646,0.8538333333333333,0.7371,0.5302166476624858,0.2274838961545969,0.6440227256107316,-0.02396666666666669,0.85,False,asymmetric,23
0.8248,0.6477333333333334,0.8471,0.7237666666666667,0.513625463265751,0.23830323062999254,0.6473653021511754,-0.022299999999999986,0.85,False,asymmetric,24
0.8244333333333334,0.6526666666666666,0.8472666666666666,0.7254333333333334,0.5264076822348319,0.23868911794791092,0.6647083477697605,-0.02283333333333326,0.85,False,asymmetric,25
0.8269666666666666,0.6490333333333334,0.8498666666666667,0.7286333333333334,0.5264209591474245,0.2356448070285535,0.6501874120585269,-0.02290000000000003,0.85,False,asymmetric,26
0.8262666666666667,0.6474333333333333,0.8532666666666666,0.7296333333333334,0.5208995910949569,0.23447144308149073,0.6484907793717408,-0.026999999999999913,0.85,False,asymmetric,27
0.8263666666666667,0.6521333333333333,0.8517333333333333,0.7291,0.541591726618705,0.2382592360676268,0.6648491498418814,-0.02536666666666665,0.85,False,asymmetric,28
0.8267666666666666,0.6497333333333334,0.8482666666666666,0.7277,0.523286467486819,0.2357356177302735,0.6511457073932613,-0.021499999999999964,0.85,False,asymmetric,29
0.8478333333333333,0.6617,0.8499333333333333,0.883,0.7516659262549977,0.09381127931602479,0.8441940789473685,-0.0020999999999999908,0.85,True,bayesian,0
0.845,0.6520333333333334,0.8479666666666666,0.8838333333333334,0.7498355623766718,0.09214198671331421,0.8449506578947369,-0.002966666666666673,0.85,True,bayesian,1
0.8503333333333334,0.6598,0.852,0.8823,0.745945945945946,0.09401408450704225,0.8477631578947367,-0.0016666666666665941,0.85,True,bayesian,2
0.8430333333333333,0.6411666666666667,0.8476333333333333,0.8793,0.7525705534893896,0.09791969798261826,0.8439144736842106,-0.0046000000000000485,0.85,True,bayesian,3
0.8429333333333333,0.6452666666666667,0.8473,0.8777666666666667,0.741104562322637,0.09760415437271333,0.8432401315789474,-0.004366666666666741,0.85,True,bayesian,4
0.8473666666666667,0.6541,0.8516,0.8792,0.7437106918238994,0.09718960388288711,0.8466940789473684,-0.004233333333333311,0.85,True,bayesian,5
0.8455,0.6482333333333333,0.8479333333333333,0.8822666666666666,0.7507672073651908,0.09415048352857928,0.8454111842105263,-0.0024333333333332874,0.85,True,bayesian,6
0.8473333333333334,0.6532333333333333,0.8471,0.8835333333333333,0.7449313276651406,0.0914492582536497,0.8458717105263159,0.00023333333333341866,0.85,True,bayesian,7
0.8468333333333333,0.6383666666666666,0.8523666666666667,0.8779333333333333,0.7376382930684128,0.09776700168159243,0.8452467105263157,-0.00553333333333339,0.85,True,bayesian,8
0.85,0.6498666666666667,0.8543666666666667,0.8821333333333333,0.744106202792401,0.09433888650462331,0.8471217105263159,-0.004366666666666741,0.85,True,bayesian,9
0.8437666666666667,0.6566,0.8467,0.8809666666666667,0.7534246575342466,0.09594110468091807,0.8468421052631578,-0.0029333333333333433,0.85,True,bayesian,10
0.8478666666666667,0.6449666666666667,0.8512,0.8838666666666667,0.7470878136200717,0.09222274436090226,0.8479605263157894,-0.0033333333333332993,0.85,True,bayesian,11
0.8431666666666666,0.6495,0.8466666666666667,0.8816,0.7456521739130435,0.09377952755905512,0.8428289473684211,-0.0035000000000000586,0.85,True,bayesian,12
0.8435,0.6449666666666667,0.8481333333333333,0.8820333333333333,0.7554872695346796,0.09530734161295394,0.845625,-0.004633333333333267,0.85,True,bayesian,13
0.8464333333333334,0.6495666666666666,0.8499333333333333,0.8773666666666666,0.7365615282096846,0.09777237430386697,0.8443421052631579,-0.0034999999999999476,0.85,True,bayesian,14
0.8436333333333333,0.6619666666666667,0.8483666666666667,0.8824666666666666,0.7537920422070785,0.09453459589014183,0.8460361842105263,-0.004733333333333367,0.85,True,bayesian,15
0.8465,0.6448666666666667,0.8501333333333333,0.8812333333333333,0.74644128113879,0.09500470514429109,0.8449177631578948,-0.0036333333333332662,0.85,True,bayesian,16
0.8444333333333334,0.6566333333333333,0.8499666666666666,0.8808,0.7498333703621417,0.09608219930193342,0.8445888157894736,-0.005533333333333279,0.85,True,bayesian,17
0.8505666666666667,0.6558333333333334,0.8532666666666666,0.8813666666666666,0.7421626533393911,0.09469489803890929,0.8473848684210527,-0.0026999999999999247,0.85,True,bayesian,18
0.8443,0.6442,0.8476666666666667,0.8819,0.7417943107221007,0.09292174596932756,0.8457401315789475,-0.003366666666666629,0.85,True,bayesian,19
0.8485666666666667,0.6616333333333333,0.8534,0.8783,0.7435197817189632,0.09854698851652215,0.8466611842105263,-0.004833333333333356,0.85,True,bayesian,20
0.8472333333333333,0.6355333333333333,0.8531666666666666,0.8832,0.7443813847900114,0.09290877124438367,0.8453782894736841,-0.005933333333333346,0.85,True,bayesian,21
0.8471,0.6627,0.8503,0.8800333333333333,0.7530616789133823,0.09761260731506527,0.8486677631578946,-0.0031999999999999806,0.85,True,bayesian,22
0.8494,0.6494666666666666,0.8548,0.8852333333333333,0.7610192837465565,0.09366713461238496,0.8461019736842106,-0.00539999999999996,0.85,True,bayesian,23
0.8463333333333334,0.6492,0.8486333333333334,0.8793666666666666,0.7401453424355868,0.09580109195176559,0.8454111842105263,-0.0022999999999999687,0.85,True,bayesian,24
0.8481,0.6432333333333333,0.8532333333333333,0.8843,0.7488076311605724,0.0923936398796734,0.8475,-0.005133333333333323,0.85,True,bayesian,25
0.8420666666666666,0.6421333333333333,0.8471666666666666,0.8799666666666667,0.7515812431842966,0.09687192602793626,0.8442434210526315,-0.005099999999999993,0.85,True,bayesian,26
0.8449666666666666,0.6489333333333334,0.8485333333333334,0.8778666666666667,0.7420774647887324,0.09789440603394092,0.8440625,-0.003566666666666718,0.85,True,bayesian,27
0.8438,0.6445333333333333,0.8497666666666667,0.8802333333333333,0.7510539161304637,0.09692856862668184,0.8457894736842105,-0.005966666666666676,0.85,True,bayesian,28
0.8485666666666667,0.6523,0.8502,0.8824666666666666,0.7436582109479306,0.09307613894769858,0.8465460526315789,-0.0016333333333332645,0.85,True,bayesian,29
0.8229666666666666,0.6429,0.8458333333333333,0.721,0.5016216216216216,0.23901477832512316,0.6507030223370066,-0.022866666666666702,0.85,True,asymmetric,0
0.8187333333333333,0.6322333333333333,0.8501333333333333,0.7242333333333333,0.5284697508896797,0.24125627352572146,0.6582371491745866,-0.031399999999999983,0.85,True,asymmetric,1
0.8191,0.6459,0.8458,0.7159,0.5136186770428015,0.24722156538188697,0.6251878390295306,-0.026699999999999946,0.85,True,asymmetric,2
0.8266666666666667,0.6545,0.8492666666666666,0.7268333333333333,0.5236620964175144,0.23710652327498233,0.6598191184856047,-0.022599999999999953,0.85,True,asymmetric,3
0.8296333333333333,0.6527,0.8504,0.7301,0.5227272727272727,0.2334195672624647,0.6364155123009675,-0.02076666666666671,0.85,True,asymmetric,4
0.8274,0.6514,0.8516666666666667,0.7321666666666666,0.5330337078651686,0.23315068493150684,0.6609102943060858,-0.02426666666666666,0.85,True,asymmetric,5
0.8215333333333333,0.6461,0.8492666666666666,0.7261,0.527421494913755,0.23863725567155977,0.6602880902186635,-0.027733333333333277,0.85,True,asymmetric,6
0.8219,0.6470333333333333,0.847,0.7250666666666666,0.530718954248366,0.23982683982683983,0.6492463980648173,-0.02510000000000001,0.85,True,asymmetric,7
0.8293666666666667,0.6675,0.8489333333333333,0.7234333333333334,0.5238305383936452,0.24104758913145907,0.653886352806498,-0.01956666666666662,0.85,True,asymmetric,8
0.8265,0.6624333333333333,0.8476,0.7233333333333334,0.5223097112860893,0.24052225892716692,0.6425121827117397,-0.021100000000000008,0.85,True,asymmetric,9
0.8272,0.6508333333333334,0.8522,0.7329,0.5306720793865584,0.23202691074082765,0.6638438475862487,-0.02499999999999991,0.85,True,asymmetric,10
0.8204,0.6431,0.8459333333333333,0.7207666666666667,0.5227174383383817,0.24316336984789977,0.6336093161972783,-0.025533333333333297,0.85,True,asymmetric,11
0.8206666666666667,0.6527,0.8489,0.7233,0.5312155305537172,0.2425099147916912,0.6458453895565968,-0.028233333333333333,0.85,True,asymmetric,12
0.8271666666666667,0.6537333333333334,0.8486333333333334,0.7189666666666666,0.504514424135653,0.24278251306021445,0.6546553468344903,-0.021466666666666634,0.85,True,asymmetric,13
0.8195333333333333,0.6422,0.8484333333333334,0.7201333333333333,0.5170442049703101,0.24358621773464817,0.6663868160664584,-0.028900000000000037,0.85,True,asymmetric,14
0.8223666666666667,0.6496333333333333,0.8509333333333333,0.7273666666666667,0.5360017889087657,0.23910999686618614,0.6683569502468042,-0.02856666666666663,0.85,True,asymmetric,15
0.8286333333333333,0.6403333333333333,0.8519666666666666,0.7334,0.530961495158748,0.23142532962948473,0.6484902053249181,-0.023333333333333317,0.85,True,asymmetric,16
0.8251666666666667,0.6509666666666667,0.8503333333333334,0.7282,0.5175946547884187,0.23473147785182283,0.6443055635439698,-0.02516666666666667,0.85,True,asymmetric,17
0.8298333333333333,0.6631333333333334,0.8492333333333333,0.7227333333333333,0.5118284324563342,0.23982415512030458,0.6513866183831283,-0.019399999999999973,0.85,True,asymmetric,18
0.8261333333333334,0.6489333333333334,0.8526333333333334,0.7326,0.5374349694639222,0.2336682434809805,0.653146937797672,-0.026499999999999968,0.85,True,asymmetric,19
0.8234666666666667,0.6451,0.8504333333333334,0.7270666666666666,0.5266324938711834,0.23768274997060324,0.6546081393730023,-0.026966666666666694,0.85,True,asymmetric,20
0.8249,0.6484666666666666,0.8497333333333333,0.7284666666666667,0.5237355811889973,0.23532873058214343,0.6490697551245875,-0.024833333333333374,0.85,True,asymmetric,21
0.8292666666666667,0.6589,0.8528333333333333,0.7301,0.5306908267270668,0.23548954465507133,0.6528927510112734,-0.023566666666666625,0.85,True,asymmetric,22
0.8279333333333333,0.6580333333333334,0.8511333333333333,0.7298666666666667,0.5246305418719212,0.23423670400250646,0.6752568861450635,-0.0232,0.85,True,asymmetric,23
0.8268,0.6484666666666666,0.8508,0.7243333333333334,0.5227882037533512,0.24032283341169094,0.6527504471467614,-0.02400000000000002,0.85,True,asymmetric,24
0.8271666666666667,0.6406333333333334,0.8517333333333333,0.7299,0.5128147482014388,0.23231058234189106,0.6572257626255598,-0.024566666666666626,0.85,True,asymmetric,25
0.8288666666666666,0.67,0.8493,0.7212666666666666,0.5277593452775935,0.24439734683464814,0.649621276272986,-0.020433333333333414,0.85,True,asymmetric,26
0.8331333333333333,0.6623,0.8503666666666667,0.7337333333333333,0.5237246602806861,0.22931284543922228,0.6585164130601724,-0.017233333333333434,0.85,True,asymmetric,27
0.8326,0.6660333333333334,0.8499333333333333,0.7255666666666667,0.5168813860506442,0.2375872617460193,0.6654315122307659,-0.01733333333333331,0.85,True,asymmetric,28
0.8216,0.6417333333333334,0.8473,0.7266,0.5380921196245362,0.23942720012589008,0.6367505538531558,-0.025700000000000056,0.85,True,asymmetric,29
0.9441666666666667,0.6505666666666666,0.9524666666666667,0.9635,0.894109396914446,0.03303702666759992,0.9450822368421053,-0.008299999999999974,0.95,False,bayesian,0
0.9419,0.6495333333333333,0.9495,0.9639666666666666,0.902970297029703,0.03278918729155696,0.9444407894736843,-0.007600000000000051,0.95,False,bayesian,1
0.9414,0.6491666666666667,0.9478666666666666,0.9632666666666667,0.8976982097186701,0.03312702208468139,0.9430921052631581,-0.006466666666666621,0.95,False,bayesian,2
0.9414,0.6504333333333333,0.9491666666666667,0.9634666666666667,0.899016393442623,0.03308165057067603,0.944671052631579,-0.0077666666666666995,0.95,False,bayesian,3
0.9408333333333333,0.6500333333333334,0.9495333333333333,0.9621,0.8943196829590488,0.03429754967352384,0.944375,-0.008700000000000041,0.95,False,bayesian,4
0.9433333333333334,0.6465,0.9508,0.9621,0.8956639566395664,0.03446220726405834,0.9436677631578948,-0.0074666666666666215,0.95,False,bayesian,5
0.9409,0.6514666666666666,0.9492333333333334,0.9597,0.8942875902823375,0.036801629385117815,0.9429111842105263,-0.008333333333333415,0.95,False,bayesian,6
0.9403333333333334,0.6507,0.9474,0.9627,0.8776932826362485,0.0325803954682992,0.9433223684210525,-0.0070666666666666655,0.95,False,bayesian,7
0.9440333333333333,0.6488333333333334,0.9520666666666666,0.9631,0.8838664812239221,0.032910860583992715,0.9447697368421053,-0.008033333333333337,0.95,False,bayesian,8
0.9410333333333334,0.6486,0.9501666666666667,0.961,0.8876254180602007,0.03515172776705841,0.9447203947368422,-0.009133333333333327,0.95,False,bayesian,9
0.9421666666666667,0.65,0.9513333333333334,0.9634666666666667,0.9047945205479452,0.03353188507358094,0.9439802631578948,-0.009166666666666656,0.95,False,bayesian,10
0.9431333333333334,0.6553,0.9507333333333333,0.9627333333333333,0.9052774018944519,0.0342893205245074,0.9447532894736842,-0.00759999999999994,0.95,False,bayesian,11
0.9431,0.6504,0.9513666666666667,0.9628333333333333,0.8985606579849211,0.03388108335377177,0.944375,-0.008266666666666644,0.95,False,bayesian,12
0.9415666666666667,0.6556666666666666,0.9505333333333333,0.9616666666666667,0.9070080862533693,0.03548884836582971,0.9449342105263159,-0.008966666666666678,0.95,False,bayesian,13
0.9427666666666666,0.6517333333333334,0.9512333333333334,0.9625,0.9097744360902256,0.03479693030101272,0.9458059210526316,-0.008466666666666733,0.95,False,bayesian,14
0.9421333333333334,0.6516666666666666,0.9491333333333334,0.9642666666666667,0.8990825688073395,0.032239938189225256,0.9438322368421054,-0.007000000000000006,0.95,False,bayesian,15
0.9417,0.6515333333333333,0.9485333333333333,0.9641,0.8873056994818653,0.03173320213663199,0.9452796052631579,-0.006833333333333358,0.95,False,bayesian,16
0.9415333333333333,0.6510666666666667,0.9489,0.9626666666666667,0.8975864318330071,0.03382864369269681,0.9439309210526315,-0.0073666666666666325,0.95,False,bayesian,17
0.9406,0.6481333333333333,0.9490333333333333,0.9618333333333333,0.8888162197514715,0.03424537248428225,0.9429111842105263,-0.008433333333333293,0.95,False,bayesian,18
0.9447,0.6515,0.9512,0.9651333333333333,0.8900273224043715,0.031013456686291,0.9445559210526316,-0.006500000000000061,0.95,False,bayesian,19
0.9432,0.6528666666666667,0.9509333333333333,0.9628333333333333,0.8926630434782609,0.03354598990465508,0.9445723684210526,-0.007733333333333259,0.95,False,bayesian,20
0.944,0.6485,0.9509666666666666,0.9630333333333333,0.8905506458191706,0.033229345578183606,0.9447532894736842,-0.0069666666666666766,0.95,False,bayesian,21
0.9436333333333333,0.6474333333333333,0.9513,0.9597,0.8891170431211499,0.036686639335645956,0.9435197368421052,-0.0076666666666667105,0.95,False,bayesian,22
0.9424333333333333,0.6501333333333333,0.9494333333333334,0.9622333333333334,0.8938694792353329,0.034125618790155535,0.9430756578947368,-0.007000000000000006,0.95,False,bayesian,23
0.9423333333333334,0.6527666666666667,0.9502666666666667,0.9626,0.8994638069705094,0.034095692437210605,0.9453453947368422,-0.007933333333333348,0.95,False,bayesian,24
0.9423,0.6530666666666667,0.9496666666666667,0.9636333333333333,0.895364238410596,0.03274833274833275,0.9444243421052633,-0.0073666666666666325,0.95,False,bayesian,25
0.9442666666666667,0.6492,0.9511333333333334,0.9624666666666667,0.8894952251023193,0.03378425737716408,0.9447861842105263,-0.006866666666666688,0.95,False,bayesian,26
0.9395666666666667,0.6512666666666667,0.9483666666666667,0.9614,0.9025177533892834,0.03539418649608098,0.9433552631578948,-0.00880000000000003,0.95,False,bayesian,27
0.9425333333333333,0.6514666666666666,0.95,0.9613,0.8846666666666667,0.034666666666666665,0.9439967105263157,-0.0074666666666666215,0.95,False,bayesian,28
0.9412333333333334,0.6501666666666667,0.9496333333333333,0.9633666666666667,0.9046988749172733,0.03352171013373583,0.9453289473684211,-0.008399999999999963,0.95,False,bayesian,29
0.9319333333333333,0.6488666666666667,0.9518666666666666,0.9125333333333333,0.7950138504155124,0.0815240229724051,0.8651295962097848,-0.01993333333333336,0.95,False,asymmetric,0
0.9262666666666667,0.6533666666666667,0.9478,0.9021666666666667,0.777139208173691,0.09094745726946613,0.8529932517967902,-0.021533333333333293,0.95,False,asymmetric,1
0.9286,0.6485,0.9511666666666667,0.9082,0.7802047781569966,0.08522866654985106,0.8648726946112649,-0.022566666666666735,0.95,False,asymmetric,2
0.928,0.6547333333333333,0.9492,0.9084,0.7946194225721784,0.08551060542210985,0.863879859686752,-0.021199999999999997,0.95,False,asymmetric,3
0.9251333333333334,0.6517333333333334,0.9479333333333333,0.9068333333333334,0.7874519846350833,0.08660946620718757,0.8483603197104282,-0.02279999999999993,0.95,False,asymmetric,4
0.9289333333333334,0.6493333333333333,0.9519333333333333,0.9115,0.7988904299583911,0.08281392254359549,0.870437127296796,-0.02299999999999991,0.95,False,asymmetric,5
0.9281666666666667,0.6502666666666667,0.9492,0.9056666666666666,0.7782152230971129,0.08751229105211406,0.8585721380349602,-0.02103333333333335,0.95,False,asymmetric,6
0.9284666666666667,0.6452,0.9514333333333334,0.9111666666666667,0.7989018531228552,0.08310268717373787,0.8708328452136281,-0.02296666666666669,0.95,False,asymmetric,7
0.9254,0.6500666666666667,0.9487666666666666,0.9048,0.8022121014964216,0.08966026068931596,0.8592201959631294,-0.023366666666666647,0.95,False,asymmetric,8
0.9288333333333333,0.6457333333333334,0.9511333333333334,0.9069333333333334,0.7946793997271487,0.08729936216443542,0.8692671904295743,-0.022300000000000098,0.95,False,asymmetric,9
0.9267,0.6476666666666666,0.9498666666666666,0.9053666666666667,0.7839095744680851,0.08822290847838293,0.8726287248454654,-0.02316666666666667,0.95,False,asymmetric,10
0.928,0.6501333333333333,0.9502666666666667,0.9055,0.7788203753351206,0.08787007155886067,0.8661041270464651,-0.022266666666666657,0.95,False,asymmetric,11
0.9302333333333334,0.6502666666666667,0.9515333333333333,0.9106666666666666,0.7922971114167813,0.08330414068520983,0.8846678132446939,-0.021299999999999986,0.95,False,asymmetric,12
0.9244333333333333,0.6508333333333334,0.9478,0.9003,0.7720306513409961,0.09263557712597595,0.8560598308275905,-0.023366666666666647,0.95,False,asymmetric,13
0.9296666666666666,0.6518,0.9511,0.9097333333333333,0.809134287661895,0.0850944520379911,0.8644522377395768,-0.021433333333333304,0.95,False,asymmetric,14
0.9292666666666667,0.6528,0.9513666666666667,0.9100666666666667,0.8060315284441398,0.08461511509757892,0.8633117930084387,-0.02210000000000001,0.95,False,asymmetric,15
0.9280666666666667,0.6484666666666666,0.9498333333333333,0.9057,0.773421926910299,0.08731356378311984,0.8563230812040932,-0.0217666666666666,0.95,False,asymmetric,16
0.9249666666666667,0.6477666666666667,0.9490333333333333,0.9036666666666666,0.7926749509483323,0.0903726598995469,0.8556025851804686,-0.02406666666666657,0.95,False,asymmetric,17
0.9296333333333333,0.6545666666666666,0.9497333333333333,0.9080666666666667,0.7884615384615384,0.08560297627404184,0.8615819425575515,-0.020100000000000007,0.95,False,asymmetric,18
0.9246666666666666,0.6498666666666667,0.9482666666666667,0.9034666666666666,0.7944587628865979,0.0905863329583802,0.866277085663715,-0.023600000000000065,0.95,False,asymmetric,19
0.9301,0.6521,0.9505666666666667,0.9093,0.7768037761294673,0.08380965739734193,0.8577959392384388,-0.020466666666666633,0.95,False,asymmetric,20
0.9293666666666667,0.6513666666666666,0.9510666666666666,0.9100333333333334,0.803133514986376,0.0844665638581242,0.8719514407770553,-0.02169999999999994,0.95,False,asymmetric,21
0.9248333333333333,0.6510333333333334,0.9478666666666666,0.9030666666666667,0.7781329923273658,0.09006189337459558,0.8580259404818368,-0.02303333333333335,0.95,False,asymmetric,22
0.9298333333333333,0.6475666666666666,0.9513,0.9099666666666667,0.7973990417522245,0.08427064718455447,0.8663288858485894,-0.021466666666666745,0.95,False,asymmetric,23
0.9258,0.6526,0.9477666666666666,0.9010333333333334,0.774728781110402,0.0920057679456969,0.866802870757201,-0.02196666666666669,0.95,False,asymmetric,24
0.9291,0.6500666666666667,0.9493666666666667,0.9055666666666666,0.7899934167215273,0.08826937256416559,0.8660137279418322,-0.020266666666666655,0.95,False,asymmetric,25
0.9315,0.6528666666666667,0.9516333333333333,0.9116333333333333,0.7932460372157133,0.08234964447090966,0.8653544305591477,-0.020133333333333336,0.95,False,asymmetric,26
0.9305,0.6517,0.9506,0.91,0.7793522267206477,0.08321060382916053,0.8689829954794146,-0.020100000000000007,0.95,False,asymmetric,27
0.93,0.6507333333333334,0.9521,0.9111,0.8169798190675017,0.08416482862444422,0.8721914871143881,-0.022099999999999898,0.95,False,asymmetric,28
0.9269666666666667,0.6451,0.9490333333333333,0.9084,0.7809025506867233,0.0847529064662288,0.865544016089309,-0.022066666666666568,0.95,False,asymmetric,29
0.9453333333333334,0.6423666666666666,0.9524,0.9631,0.8970588235294118,0.03359932801343973,0.9452796052631579,-0.0070666666666666655,0.95,True,bayesian,0
0.942,0.6445333333333333,0.9506666666666667,0.9621333333333333,0.9,0.03464235624123422,0.9452302631578948,-0.008666666666666711,0.95,True,bayesian,1
0.9427333333333333,0.6506,0.9513,0.962,0.9028062970568104,0.03496969059882967,0.9442763157894737,-0.008566666666666722,0.95,True,bayesian,2
0.9415333333333333,0.6496666666666666,0.9506,0.9635,0.921727395411606,0.03432919559576408,0.945608552631579,-0.009066666666666667,0.95,True,bayesian,3
0.9406666666666667,0.6542333333333333,0.9476,0.9626333333333333,0.8893129770992366,0.0333122273814549,0.9437335526315791,-0.006933333333333347,0.95,True,bayesian,4
0.9425333333333333,0.6536666666666666,0.9501666666666667,0.9642333333333334,0.8929765886287625,0.032029468514295736,0.9439638157894737,-0.007633333333333381,0.95,True,bayesian,5
0.9424666666666667,0.6415666666666666,0.9502,0.9612333333333334,0.8902275769745649,0.035045253630814566,0.9435526315789474,-0.00773333333333337,0.95,True,bayesian,6
0.9394333333333333,0.6547666666666667,0.9483,0.9615666666666667,0.8987749838813669,0.035010017926816406,0.9433881578947368,-0.00886666666666669,0.95,True,bayesian,7
0.9426666666666667,0.6375666666666666,0.9504666666666667,0.9631,0.8930013458950202,0.03324682612050221,0.944046052631579,-0.007800000000000029,0.95,True,bayesian,8
0.9409666666666666,0.6235666666666667,0.9496666666666667,0.9641333333333333,0.9013245033112582,0.03253773253773254,0.9445230263157895,-0.008700000000000041,0.95,True,bayesian,9
0.9423666666666667,0.6608666666666667,0.9492,0.963,0.9009186351706037,0.03367748279252704,0.9438486842105263,-0.006833333333333358,0.95,True,bayesian,10
0.9385,0.6487,0.9479333333333333,0.9607,0.9046094750320103,0.03621914339967649,0.9429111842105264,-0.009433333333333294,0.95,True,bayesian,11
0.9401666666666667,0.6425666666666666,0.9477,0.9613666666666667,0.8891013384321224,0.034645281558861804,0.9418256578947368,-0.007533333333333281,0.95,True,bayesian,12
0.9408333333333333,0.6543333333333333,0.9488666666666666,0.96,0.8891786179921773,0.036183517178388254,0.9420888157894737,-0.008033333333333337,0.95,True,bayesian,13
0.9438333333333333,0.6500666666666667,0.9504333333333334,0.9644666666666667,0.8930733019502354,0.03181005155543085,0.944638157894737,-0.00660000000000005,0.95,True,bayesian,14
0.9409,0.6520333333333334,0.9488333333333333,0.9605,0.885342019543974,0.03544704022483752,0.9423519736842105,-0.007933333333333348,0.95,True,bayesian,15
0.9416666666666667,0.6654333333333333,0.95,0.9621,0.8986666666666666,0.03456140350877193,0.9452631578947368,-0.008333333333333304,0.95,True,bayesian,16
0.9388666666666666,0.6538333333333334,0.9479333333333333,0.9591,0.882202304737516,0.036676278219284056,0.9420888157894737,-0.009066666666666667,0.95,True,bayesian,17
0.9421,0.6550666666666667,0.9507666666666666,0.9605,0.9011509817197021,0.03642674332994426,0.9447039473684211,-0.0086666666666666,0.95,True,bayesian,18
0.9439,0.6504333333333333,0.9521333333333334,0.9635,0.908774373259053,0.03374877468141717,0.9449013157894737,-0.008233333333333426,0.95,True,bayesian,19
0.9413666666666667,0.6509333333333334,0.9490333333333333,0.9629,0.8920863309352518,0.03329703909240982,0.944375,-0.0076666666666665995,0.95,True,bayesian,20
0.9401666666666667,0.651,0.9481333333333334,0.9628,0.9042416452442159,0.033996624947264804,0.9425822368421053,-0.007966666666666677,0.95,True,bayesian,21
0.9419666666666666,0.66,0.9490666666666666,0.9611666666666666,0.8848167539267016,0.034735880865411635,0.9438157894736844,-0.007099999999999995,0.95,True,bayesian,22
0.9454333333333333,0.6444666666666666,0.9524666666666667,0.9629333333333333,0.8835904628330996,0.033107020368166866,0.9453289473684211,-0.007033333333333336,0.95,True,bayesian,23
0.9422,0.6703,0.9501666666666667,0.9629666666666666,0.9070234113712374,0.034099280827924926,0.9452138157894737,-0.007966666666666677,0.95,True,bayesian,24
0.9415666666666667,0.65,0.9488333333333333,0.9622,0.8938110749185668,0.03411206745125593,0.943125,-0.0072666666666666435,0.95,True,bayesian,25
0.9404333333333333,0.6555666666666666,0.9481333333333334,0.9588,0.8708226221079691,0.036387287301364084,0.942779605263158,-0.00770000000000004,0.95,True,bayesian,26
0.9419666666666666,0.6497666666666667,0.9502666666666667,0.9630333333333333,0.8954423592493298,0.03342921285253262,0.9442105263157896,-0.008300000000000085,0.95,True,bayesian,27
0.9416,0.6301333333333333,0.9507666666666666,0.9634333333333334,0.9092755585646581,0.033762226974722157,0.944950657894737,-0.009166666666666656,0.95,True,bayesian,28
0.9397666666666666,0.6495666666666666,0.9485,0.9613333333333334,0.8944983818770227,0.035037778949218064,0.9427467105263158,-0.00873333333333337,0.95,True,bayesian,29
0.9310666666666667,0.6526666666666666,0.9518666666666666,0.9107333333333333,0.796398891966759,0.08348508194424989,0.8774496984066741,-0.02079999999999993,0.95,True,asymmetric,0
0.9264333333333333,0.6511,0.9491666666666667,0.9050333333333334,0.7770491803278688,0.08811237928007024,0.8709074297033547,-0.022733333333333383,0.95,True,asymmetric,1
0.9253666666666667,0.6533666666666667,0.9486333333333333,0.9006666666666666,0.7521090201168072,0.09128922309287045,0.8755038312405106,-0.023266666666666658,0.95,True,asymmetric,2
0.9268666666666666,0.6510666666666667,0.9504,0.9066,0.7943548387096774,0.08754208754208755,0.8555356561068311,-0.023533333333333406,0.95,True,asymmetric,3
0.9292333333333334,0.6462333333333333,0.9516,0.9080333333333334,0.7885674931129476,0.08589043015272524,0.8794041156669392,-0.022366666666666646,0.95,True,asymmetric,4
0.9290333333333334,0.6587,0.9501,0.9082333333333333,0.7869071476285905,0.08539451987510087,0.8707027169445019,-0.021066666666666567,0.95,True,asymmetric,5
0.9284,0.6623666666666667,0.9505,0.9071,0.7986531986531986,0.08725232333859373,0.8608078418394212,-0.02210000000000001,0.95,True,asymmetric,6
0.9294666666666667,0.6498,0.9509666666666666,0.9098666666666667,0.8028552005438477,0.08461565424655614,0.8635097897041206,-0.021499999999999964,0.95,True,asymmetric,7
0.9330666666666667,0.6568666666666667,0.9507333333333333,0.9141666666666667,0.803788903924222,0.08011359652198304,0.8576824813639468,-0.01766666666666661,0.95,True,asymmetric,8
0.9291666666666667,0.6415,0.9506666666666667,0.9121666666666667,0.7959459459459459,0.0818022440392707,0.8658055313387476,-0.021499999999999964,0.95,True,asymmetric,9
0.9319333333333333,0.6582,0.9518,0.9086666666666666,0.7821576763485477,0.08492680535126428,0.8699354464268976,-0.0198666666666667,0.95,True,asymmetric,10
0.9297333333333333,0.6474666666666666,0.9501333333333334,0.9074333333333333,0.785427807486631,0.08616334549536907,0.882681213951756,-0.020400000000000085,0.95,True,asymmetric,11
0.9284333333333333,0.6384,0.9517,0.9107666666666666,0.8033126293995859,0.08377990263038072,0.8707853460964907,-0.023266666666666658,0.95,True,asymmetric,12
0.9289666666666667,0.6592333333333333,0.9487666666666666,0.9044333333333333,0.782042940793754,0.08895759406949373,0.8597316814225701,-0.01979999999999993,0.95,True,asymmetric,13
0.9308666666666666,0.6595666666666666,0.952,0.9104333333333333,0.7993055555555556,0.08396358543417366,0.8740973812185624,-0.021133333333333337,0.95,True,asymmetric,14
0.9303333333333333,0.6441,0.9512666666666667,0.9104,0.7879616963064295,0.0833274931670054,0.8700006407053426,-0.02093333333333336,0.95,True,asymmetric,15
0.9246,0.6404666666666666,0.9465,0.9028666666666667,0.7644859813084112,0.08931149850325762,0.8437034843580258,-0.02190000000000003,0.95,True,asymmetric,16
0.9302666666666667,0.6453333333333333,0.9512666666666667,0.9095666666666666,0.7859097127222983,0.08409839512229308,0.8668421868754734,-0.02100000000000002,0.95,True,asymmetric,17
0.9291666666666667,0.6492,0.9505666666666667,0.9124333333333333,0.8064733648010789,0.08205631728442683,0.859118839504321,-0.021399999999999975,0.95,True,asymmetric,18
0.9278,0.6402333333333333,0.9507333333333333,0.9093,0.7895805142083897,0.0844961783886123,0.8679712205279958,-0.02293333333333336,0.95,True,asymmetric,19
0.9286666666666666,0.6586,0.9498333333333333,0.9081333333333333,0.7920265780730897,0.08573433935778206,0.8556596921057307,-0.021166666666666667,0.95,True,asymmetric,20
0.9285,0.6399,0.9504333333333334,0.9077333333333333,0.7915265635507733,0.08620629186686775,0.8757111003656868,-0.02193333333333336,0.95,True,asymmetric,21
0.9320666666666667,0.6443666666666666,0.9530666666666666,0.9143,0.78125,0.07914801343033016,0.8739681553841077,-0.020999999999999908,0.95,True,asymmetric,22
0.9267666666666666,0.6389666666666667,0.9499666666666666,0.9075,0.793471019320453,0.08649426295659497,0.8708554025969455,-0.0232,0.95,True,asymmetric,23
0.928,0.642,0.9507333333333333,0.9047333333333333,0.7949932341001353,0.08957997335390225,0.8659825661669845,-0.022733333333333272,0.95,True,asymmetric,24
0.9327666666666666,0.6616,0.9526333333333333,0.9102,0.7902885292047853,0.08383778298750831,0.8709725051732101,-0.0198666666666667,0.95,True,asymmetric,25
0.9268,0.6492,0.9489666666666666,0.9059,0.7935989549314174,0.08806069760089923,0.8469037167579424,-0.022166666666666668,0.95,True,asymmetric,26
0.9282,0.6534333333333333,0.9504666666666667,0.9075333333333333,0.7934051144010767,0.08651890299501999,0.873196549759747,-0.022266666666666657,0.95,True,asymmetric,27
0.9279333333333334,0.6491666666666667,0.9501666666666667,0.9089,0.8073578595317725,0.08577442553937906,0.8556248249460512,-0.022233333333333327,0.95,True,asymmetric,28
0.9283333333333333,0.6509,0.95,0.9053666666666667,0.7733333333333333,0.0876842105263158,0.8505409592473927,-0.021666666666666612,0.95,True,asymmetric,29
