team_acc,human_acc,ai_acc,comply_rate,over_reliance,under_reliance,final_trust,complementarity,sweep,value,p_ai,seed
0.7613,0.6447666666666667,0.7467333333333334,0.6520666666666667,0.4588049486707028,0.2823855012945273,0.6046701727924281,0.014566666666666617,eta_down,0.16,0.75,0
0.7653333333333333,0.6489333333333334,0.7507333333333334,0.6637333333333333,0.47044664348756354,0.27208951247668944,0.5994881641279678,0.014599999999999946,eta_down,0.16,0.75,1
0.7652333333333333,0.6521333333333333,0.7492333333333333,0.6602,0.471088661438256,0.27650487164657206,0.5961994979293028,0.016000000000000014,eta_down,0.16,0.75,2
0.7576,0.6509,0.7469,0.6539333333333334,0.4598972738048202,0.2803141875306824,0.5937758415732138,0.010700000000000043,eta_down,0.16,0.75,3
0.7643666666666666,0.6459666666666667,0.7512666666666666,0.6577,0.45738407933529884,0.27597834767947466,0.5997468945362305,0.0131,eta_down,0.16,0.75,4
0.764,0.6521666666666667,0.7508,0.6644,0.47592295345104335,0.2730420884389984,0.5934484683141443,0.01319999999999999,eta_down,0.16,0.75,5
0.7648,0.6559,0.7527666666666667,0.6598333333333334,0.4685182688418498,0.2773325067528672,0.5997992767995709,0.01203333333333334,eta_down,0.16,0.75,6
0.7699,0.6482666666666667,0.7540666666666667,0.6648333333333334,0.4639468690702087,0.26964901423393156,0.6172916307503814,0.015833333333333366,eta_down,0.16,0.75,7
0.7632333333333333,0.6468333333333334,0.7531333333333333,0.6575,0.4642182014582771,0.2791449057271842,0.6004181025842837,0.010099999999999998,eta_down,0.16,0.75,8
0.7607,0.6493333333333333,0.7445,0.6539,0.45909980430528374,0.27924781732706516,0.58228713212702,0.016199999999999992,eta_down,0.16,0.75,9
0.7667333333333334,0.6510666666666667,0.7501666666666666,0.6572333333333333,0.46137424949966643,0.27753832481670737,0.606810195080714,0.01656666666666673,eta_down,0.16,0.75,10
0.7633333333333333,0.646,0.7508666666666667,0.6609,0.46815627508696817,0.2751487170380893,0.6010219716380903,0.012466666666666626,eta_down,0.16,0.75,11
0.7645333333333333,0.6467666666666667,0.7481666666666666,0.6551666666666667,0.4558570483123759,0.2777456003564268,0.5769223318387698,0.01636666666666664,eta_down,0.16,0.75,12
0.7625,0.6524333333333333,0.7500666666666667,0.6548333333333334,0.46212323286209656,0.28095280419518265,0.597996166572386,0.012433333333333296,eta_down,0.16,0.75,13
0.7626666666666667,0.6452333333333333,0.749,0.6556333333333333,0.45976095617529883,0.27872719181130395,0.5927651928376171,0.013666666666666716,eta_down,0.16,0.75,14
0.7652333333333333,0.6487666666666667,0.7499666666666667,0.6545,0.4543394214104786,0.27876794524201076,0.5980474437221414,0.01526666666666665,eta_down,0.16,0.75,15
0.7650666666666667,0.6489333333333334,0.7500333333333333,0.6595,0.4661954927323643,0.27607661881694145,0.6057165219017472,0.015033333333333343,eta_down,0.16,0.75,16
0.7608,0.6444666666666666,0.7484666666666666,0.6513,0.4605088788762258,0.28458181170392804,0.5964612859218051,0.012333333333333418,eta_down,0.16,0.75,17
0.7671666666666667,0.6477,0.7523333333333333,0.6623333333333333,0.464064602960969,0.2723969871510855,0.6021959385898432,0.014833333333333365,eta_down,0.16,0.75,18
0.7658,0.6531333333333333,0.7522333333333333,0.6668333333333333,0.48002152562895195,0.2716355740683299,0.5696508759617344,0.013566666666666727,eta_down,0.16,0.75,19
0.8372,0.6473666666666666,0.8509333333333333,0.7962,0.6104651162790697,0.17126292698213727,0.7581116947785325,-0.013733333333333264,eta_down,0.16,0.85,0
0.8322333333333334,0.6491,0.8456,0.7896666666666666,0.6111830742659758,0.17774361400189215,0.7318200065257966,-0.013366666666666638,eta_down,0.16,0.85,1
0.8331666666666667,0.6531,0.8486666666666667,0.7950666666666667,0.6178414096916299,0.17333071484681853,0.7342402455397238,-0.015499999999999958,eta_down,0.16,0.85,2
0.8370333333333333,0.6502,0.8523666666666667,0.8011333333333334,0.6231655001128923,0.16804192249032107,0.7473585368040719,-0.015333333333333421,eta_down,0.16,0.85,3
0.8371,0.6469333333333334,0.8495333333333334,0.7983,0.6134249003101462,0.168955504983128,0.7375603894628071,-0.012433333333333407,eta_down,0.16,0.85,4
0.8296333333333333,0.6437,0.8434333333333334,0.7916333333333333,0.6161379604002555,0.1757894320831522,0.7357628349838947,-0.013800000000000034,eta_down,0.16,0.85,5
0.8305666666666667,0.6431333333333333,0.8483666666666667,0.793,0.6278302923719499,0.17747829161918982,0.7401120749569711,-0.017800000000000038,eta_down,0.16,0.85,6
0.8377,0.6495,0.8496333333333334,0.7955333333333333,0.6082908446020838,0.17132880850562987,0.7372811632694397,-0.011933333333333351,eta_down,0.16,0.85,7
0.8377666666666667,0.6485666666666666,0.8531,0.8044333333333333,0.6371681415929203,0.1667643496268511,0.7307409561233268,-0.01533333333333331,eta_down,0.16,0.85,8
0.8340333333333333,0.6456333333333333,0.8459666666666666,0.7931333333333334,0.6085262930101709,0.17325347728436896,0.7246900590269334,-0.011933333333333351,eta_down,0.16,0.85,9
0.835,0.6502333333333333,0.8487666666666667,0.7984666666666667,0.6332378223495702,0.17209284059223187,0.7330073730977259,-0.013766666666666705,eta_down,0.16,0.85,10
0.8392333333333334,0.6514,0.8524666666666667,0.8008,0.6272028920018075,0.16915617423946194,0.7459299129142871,-0.01323333333333332,eta_down,0.16,0.85,11
0.8361666666666666,0.65,0.8484666666666667,0.7947,0.6216454025516938,0.17439302270762944,0.7265168085954536,-0.012300000000000089,eta_down,0.16,0.85,12
0.8348,0.6561333333333333,0.8479,0.7932,0.6118781503396888,0.17427369579746038,0.742185767260461,-0.0131,eta_down,0.16,0.85,13
0.8366666666666667,0.6551,0.8476666666666667,0.7904666666666667,0.6032822757111598,0.17589461266221,0.7303698271183272,-0.01100000000000001,eta_down,0.16,0.85,14
0.8365,0.6475333333333333,0.8502,0.797,0.6239430351579884,0.17250842938916333,0.737266428104798,-0.013699999999999934,eta_down,0.16,0.85,15
0.8344,0.6448666666666667,0.8504666666666667,0.8010333333333334,0.6339723584485064,0.16959316453711687,0.747481147720942,-0.016066666666666674,eta_down,0.16,0.85,16
0.8323333333333334,0.6530666666666667,0.8458666666666667,0.7920666666666667,0.6187283737024222,0.17634773013871374,0.7404731325292697,-0.013533333333333286,eta_down,0.16,0.85,17
0.8329333333333333,0.6544333333333333,0.8457333333333333,0.7920666666666667,0.6153846153846154,0.17570550212833044,0.7381982501905493,-0.012800000000000034,eta_down,0.16,0.85,18
0.8380333333333333,0.6459333333333334,0.8504333333333334,0.7951,0.6224648985959438,0.17453847058362404,0.7371687650594315,-0.012400000000000078,eta_down,0.16,0.85,19
0.7617666666666667,0.6547,0.7551,0.5722,0.36804137743296583,0.3615856619432305,0.4978541963826381,0.00666666666666671,eta_down,0.24,0.75,0
0.7574666666666666,0.6518,0.7482666666666666,0.5661,0.3685116525423729,0.36742694226657163,0.5094896755946778,0.009199999999999986,eta_down,0.24,0.75,1
0.7620666666666667,0.6539,0.7515666666666667,0.5722,0.37112572118609954,0.36133410209784006,0.4959825146269237,0.010499999999999954,eta_down,0.24,0.75,2
0.7544,0.6526,0.7482333333333333,0.5649333333333333,0.36766847610221104,0.3686906936338932,0.4992573380047476,0.006166666666666654,eta_down,0.24,0.75,3
0.7582,0.6571333333333333,0.7499,0.5677333333333333,0.3707850193256031,0.36658221096146154,0.5193001693103727,0.008299999999999974,eta_down,0.24,0.75,4
0.7559,0.6484333333333333,0.7503333333333333,0.5619333333333333,0.3610146862483311,0.3712127943136384,0.4884867925977149,0.00556666666666672,eta_down,0.24,0.75,5
0.7530666666666667,0.6485333333333333,0.7449,0.5547333333333333,0.36273356853521493,0.3795140287286884,0.4926471556389811,0.008166666666666655,eta_down,0.24,0.75,6
0.7590333333333333,0.6505666666666666,0.7499333333333333,0.5638333333333333,0.35897094108237804,0.3678549204373722,0.5015254579131739,0.009099999999999997,eta_down,0.24,0.75,7
0.7541,0.6502333333333333,0.7493,0.5662666666666667,0.37295572397287596,0.369055562969883,0.5059153498627256,0.0048000000000000265,eta_down,0.24,0.75,8
0.7556333333333334,0.6520333333333334,0.7468333333333333,0.5614666666666667,0.36234364713627387,0.3710332515063602,0.5104094800454235,0.00880000000000003,eta_down,0.24,0.75,9
0.7543666666666666,0.6512666666666667,0.7517333333333334,0.5687,0.3717776584317938,0.36626463284852784,0.49874526846159367,0.0026333333333332654,eta_down,0.24,0.75,10
0.7612333333333333,0.6542,0.753,0.5706666666666667,0.36558704453441293,0.3620628596724214,0.48930061888651627,0.008233333333333315,eta_down,0.24,0.75,11
0.7549333333333333,0.6535333333333333,0.7460333333333333,0.5595333333333333,0.36592728704554406,0.3745587775345159,0.4964625338114646,0.008900000000000019,eta_down,0.24,0.75,12
0.7592,0.6497333333333334,0.749,0.5617666666666666,0.35564409030544486,0.3691588785046729,0.5068936088058519,0.010199999999999987,eta_down,0.24,0.75,13
0.7581333333333333,0.6499,0.7527333333333334,0.5753666666666667,0.36775411162038285,0.3564343282260207,0.4931890384752626,0.00539999999999996,eta_down,0.24,0.75,14
0.7586,0.6493333333333333,0.7526666666666667,0.5719,0.3725067385444744,0.362577502214349,0.4954833396947318,0.005933333333333346,eta_down,0.24,0.75,15
0.7568,0.6530666666666667,0.7498666666666667,0.565,0.369136460554371,0.3696657183499289,0.5054560121078799,0.006933333333333347,eta_down,0.24,0.75,16
0.7532666666666666,0.6452,0.7475,0.5629333333333333,0.3607920792079208,0.36878483835005577,0.5108300831207871,0.005766666666666587,eta_down,0.24,0.75,17
0.7591666666666667,0.6468333333333334,0.7537666666666667,0.5721666666666667,0.36334100446730744,0.35961615000221114,0.5089712917244227,0.00539999999999996,eta_down,0.24,0.75,18
0.7541333333333333,0.6482333333333333,0.7476333333333334,0.5671,0.36547351736890765,0.3648401622898925,0.5009258538373614,0.00649999999999995,eta_down,0.24,0.75,19
0.8266,0.6516666666666666,0.8507333333333333,0.7248666666666667,0.5156319785618579,0.23842175378105165,0.6574107960706849,-0.02413333333333334,eta_down,0.24,0.85,0
0.8254666666666667,0.6491,0.8493666666666667,0.7254,0.5140517813675592,0.2371178525175621,0.650968240176754,-0.023900000000000032,eta_down,0.24,0.85,1
0.8301,0.6511,0.8525,0.7306666666666667,0.5172881355932203,0.23241446725317694,0.6449663486055592,-0.022400000000000087,eta_down,0.24,0.85,2
0.8286,0.6516,0.8508666666666667,0.7328333333333333,0.538667858739383,0.23313484290527306,0.6584074611122316,-0.022266666666666657,eta_down,0.24,0.85,3
0.8307333333333333,0.6494666666666666,0.8545333333333334,0.7324,0.5263519706691109,0.23252457481666405,0.6731242784976013,-0.023800000000000043,eta_down,0.24,0.85,4
0.8248,0.6478,0.8505666666666667,0.7246333333333334,0.5210796341735445,0.23960496923619548,0.6767035049774286,-0.025766666666666715,eta_down,0.24,0.85,5
0.8226,0.6473666666666666,0.847,0.7248333333333333,0.5324618736383442,0.24041715859897678,0.6451736770388271,-0.024399999999999977,eta_down,0.24,0.85,6
0.8268666666666666,0.6482,0.8517,0.7257,0.50865363002922,0.23650737740205863,0.6753645457895303,-0.024833333333333374,eta_down,0.24,0.85,7
0.8258333333333333,0.6505,0.8501666666666666,0.7258,0.52146829810901,0.23818859047245639,0.6555892415499613,-0.024333333333333318,eta_down,0.24,0.85,8
0.8260333333333333,0.6509,0.8491333333333333,0.7243666666666667,0.5187803800265135,0.23910654000157022,0.655712262912352,-0.02310000000000001,eta_down,0.24,0.85,9
0.8293666666666667,0.6526666666666666,0.8521333333333333,0.7334666666666667,0.5270513976555455,0.23071506806446565,0.6581360997740308,-0.022766666666666602,eta_down,0.24,0.85,10
0.8260666666666666,0.6516333333333333,0.8485666666666667,0.7253,0.524323134492626,0.23883411242487332,0.6756032056469812,-0.022500000000000075,eta_down,0.24,0.85,11
0.8233,0.6492666666666667,0.8476666666666667,0.7224666666666667,0.5227571115973741,0.24164372788045616,0.6458770260993987,-0.024366666666666648,eta_down,0.24,0.85,12
0.8200333333333333,0.6449333333333334,0.8467666666666667,0.7190666666666666,0.520991951272569,0.2450891626973192,0.6471513510571938,-0.026733333333333387,eta_down,0.24,0.85,13
0.8240666666666666,0.6514666666666666,0.8496333333333334,0.7242333333333333,0.5291509643094657,0.2412413197850053,0.657122095803607,-0.025566666666666737,eta_down,0.24,0.85,14
0.8236333333333333,0.649,0.8497666666666667,0.7231,0.5231861548702019,0.2415565057074491,0.6548317679715712,-0.026133333333333342,eta_down,0.24,0.85,15
0.83,0.6496,0.8485666666666667,0.7243666666666667,0.5009905348888399,0.23577012216679105,0.6424619571820571,-0.01856666666666673,eta_down,0.24,0.85,16
0.8239,0.6476333333333333,0.8528333333333333,0.7298,0.5359003397508494,0.23674027750635138,0.6589140357332439,-0.028933333333333366,eta_down,0.24,0.85,17
0.826,0.6456666666666667,0.8504666666666667,0.7291666666666666,0.5263040570664289,0.2351650074468919,0.6561640770702604,-0.024466666666666748,eta_down,0.24,0.85,18
0.8268,0.6510333333333334,0.8523333333333334,0.7317,0.5338600451467269,0.23402424716464607,0.6402771154531234,-0.025533333333333408,eta_down,0.24,0.85,19
0.7448,0.6453666666666666,0.7478333333333333,0.4897666666666667,0.29874421678783875,0.44582126142188544,0.42648564829906005,-0.0030333333333333323,eta_down,0.32,0.75,0
0.7507333333333334,0.6509666666666667,0.7544,0.5128666666666667,0.3136536373507057,0.42227819017320606,0.4299094845690632,-0.003666666666666596,eta_down,0.32,0.75,1
0.7437666666666667,0.6440666666666667,0.7491666666666666,0.49773333333333336,0.30830564784053155,0.4388431590656285,0.43786868150771174,-0.00539999999999996,eta_down,0.32,0.75,2
0.7501666666666666,0.6517333333333334,0.7518,0.49623333333333336,0.2945205479452055,0.43717300700540923,0.42212688147235156,-0.0016333333333333755,eta_down,0.32,0.75,3
0.7488666666666667,0.6505333333333333,0.7496666666666667,0.4975,0.30053262316910784,0.4367274344152957,0.4342949907865227,-0.0008000000000000229,eta_down,0.32,0.75,4
0.7478666666666667,0.6479,0.7517333333333334,0.5024666666666666,0.3148496240601504,0.4355711245122384,0.4310918152086389,-0.003866666666666685,eta_down,0.32,0.75,5
0.7492666666666666,0.6542333333333333,0.7509333333333333,0.49816666666666665,0.31383832976445397,0.4406960227272727,0.4436490374186436,-0.0016666666666667052,eta_down,0.32,0.75,6
0.7451,0.6469666666666667,0.7473,0.49093333333333333,0.29982851866508375,0.4444444444444444,0.4284363709450314,-0.0021999999999999797,eta_down,0.32,0.75,7
0.7420666666666667,0.6499,0.7472,0.4908666666666667,0.3020833333333333,0.445262312633833,0.43160826923365264,-0.005133333333333323,eta_down,0.32,0.75,8
0.7461666666666666,0.6472666666666667,0.7502666666666666,0.4963,0.3076615056059797,0.4409098987026835,0.43018143124140024,-0.0040999999999999925,eta_down,0.32,0.75,9
0.7448,0.6461333333333333,0.748,0.5015333333333334,0.31322751322751324,0.4350267379679144,0.4215631775998247,-0.0031999999999999806,eta_down,0.32,0.75,10
0.7486,0.6489666666666667,0.7480666666666667,0.49806666666666666,0.30748875363852873,0.4377506461099724,0.41494971693429306,0.0005333333333333856,eta_down,0.32,0.75,11
0.7502333333333333,0.6466,0.7478,0.4941333333333333,0.29381443298969073,0.43830792547026837,0.41680970005728013,0.0024333333333332874,eta_down,0.32,0.75,12
0.7478,0.6512666666666667,0.7500333333333333,0.4972666666666667,0.3119082544339245,0.4409581796364606,0.44242337094165934,-0.0022333333333333094,eta_down,0.32,0.75,13
0.7456666666666667,0.6509666666666667,0.7464666666666666,0.49646666666666667,0.3067315277412569,0.43909082790033044,0.4271510117050126,-0.0007999999999999119,eta_down,0.32,0.75,14
0.7447666666666667,0.6489,0.7469333333333333,0.4918,0.2907007376185458,0.4400660478400571,0.42718632674246365,-0.00216666666666665,eta_down,0.32,0.75,15
0.7492,0.6499,0.7537,0.5029,0.3115441873054541,0.434567246030693,0.4179720320888978,-0.0045000000000000595,eta_down,0.32,0.75,16
0.7518,0.6503333333333333,0.7509666666666667,0.5030666666666667,0.30250301164502746,0.4304230103422256,0.4179390194155814,0.0008333333333333526,eta_down,0.32,0.75,17
0.7475666666666667,0.6484,0.7517,0.5040666666666667,0.3117196939186468,0.43239767637798765,0.4280736820614367,-0.004133333333333322,eta_down,0.32,0.75,18
0.7471333333333333,0.6528,0.7469333333333333,0.4942666666666667,0.30492623814541625,0.44158336308461266,0.42479833153192154,0.00019999999999997797,eta_down,0.32,0.75,19
0.8178666666666666,0.6483666666666666,0.8525,0.6765666666666666,0.4788700564971751,0.289227761485826,0.5945173492846396,-0.034633333333333405,eta_down,0.32,0.85,0
0.8149666666666666,0.6513666666666666,0.8492,0.6655666666666666,0.45380194518125555,0.2968283875019626,0.5660255055102027,-0.03423333333333334,eta_down,0.32,0.85,1
0.8122666666666667,0.6505333333333333,0.8479333333333333,0.6657,0.4614204296361245,0.2976649107634248,0.5644305242630889,-0.035666666666666624,eta_down,0.32,0.85,2
0.8146666666666667,0.6530666666666667,0.8500333333333333,0.6663,0.45743498555234496,0.2968511038782793,0.5984593164298047,-0.03536666666666666,eta_down,0.32,0.85,3
0.8139,0.6481333333333333,0.8502333333333333,0.6669333333333334,0.4620520810149121,0.29697730034892383,0.591046968830257,-0.03633333333333333,eta_down,0.32,0.85,4
0.8157333333333333,0.6487666666666667,0.8516,0.6682666666666667,0.45530098831985627,0.29462188821042745,0.6042894068559108,-0.03586666666666671,eta_down,0.32,0.85,5
0.8070333333333334,0.6441333333333333,0.8441,0.6538666666666667,0.45285439384220655,0.3090076215298345,0.5789091961997108,-0.03706666666666658,eta_down,0.32,0.85,6
0.8152333333333334,0.6492666666666667,0.8482333333333333,0.6656666666666666,0.4432242477487371,0.29453373678626166,0.5989400391895223,-0.03299999999999992,eta_down,0.32,0.85,7
0.8156333333333333,0.6475666666666666,0.853,0.6747666666666666,0.4702947845804989,0.2899960922235248,0.5929674223877575,-0.03736666666666666,eta_down,0.32,0.85,8
0.8130333333333334,0.6520666666666667,0.8491333333333333,0.6679,0.4619973486522316,0.2955169977231687,0.5887350037822163,-0.03609999999999991,eta_down,0.32,0.85,9
0.8100333333333334,0.6509,0.8503333333333334,0.6669,0.46748329621380846,0.29800078400627206,0.6150048234596303,-0.0403,eta_down,0.32,0.85,10
0.8138,0.6564333333333333,0.8505333333333334,0.6688333333333333,0.46498661909009814,0.2953440978209751,0.5911669304383947,-0.036733333333333396,eta_down,0.32,0.85,11
0.8164333333333333,0.6518666666666667,0.8467,0.6663666666666667,0.4409654272667971,0.29282311720011023,0.568500817102073,-0.030266666666666664,eta_down,0.32,0.85,12
0.8152,0.6472333333333333,0.8501,0.6702333333333333,0.45763842561707807,0.2922793396855272,0.5686374159749839,-0.03489999999999993,eta_down,0.32,0.85,13
0.8156666666666667,0.6528333333333334,0.8498,0.6686,0.4478473146915224,0.29238252137757903,0.5825600749897204,-0.03413333333333335,eta_down,0.32,0.85,14
0.8129333333333333,0.6548333333333334,0.8498,0.6706,0.47270306258322237,0.2944222169922335,0.5929924580066911,-0.036866666666666714,eta_down,0.32,0.85,15
0.815,0.6538666666666667,0.8483,0.6667333333333333,0.45396616128323447,0.2952178867539,0.5890088962309618,-0.03330000000000011,eta_down,0.32,0.85,16
0.8150666666666667,0.6474666666666666,0.8498,0.6725333333333333,0.46249445184198845,0.2903428257629246,0.5750779249197748,-0.03473333333333328,eta_down,0.32,0.85,17
0.8124,0.6471666666666667,0.8479333333333333,0.6602333333333333,0.443445857080228,0.30088843462536363,0.585331334647719,-0.035533333333333306,eta_down,0.32,0.85,18
0.8167666666666666,0.6476333333333333,0.8502,0.6701,0.45816644414775254,0.29255861365953106,0.5905326482266985,-0.033433333333333315,eta_down,0.32,0.85,19
0.7680333333333333,0.6469,0.7492666666666666,0.7773333333333333,0.6084817867588407,0.16616246997063797,0.7484539473684211,0.01876666666666671,conf_beta,1.0,0.75,0
0.7705,0.6532333333333333,0.7504666666666666,0.7820666666666667,0.6138124499064921,0.16198809629563826,0.7490625,0.020033333333333347,conf_beta,1.0,0.75,1
0.77,0.6459666666666667,0.7484333333333333,0.7777333333333334,0.608983702133298,0.1655458067964192,0.7453618421052631,0.021566666666666734,conf_beta,1.0,0.75,2
0.7695333333333333,0.6494666666666666,0.7498333333333334,0.786,0.619053964023984,0.1583018448544121,0.7492763157894737,0.01969999999999994,conf_beta,1.0,0.75,3
0.7715666666666666,0.652,0.7526333333333334,0.782,0.6186497776579976,0.1643119713007662,0.7488486842105263,0.018933333333333247,conf_beta,1.0,0.75,4
0.7648666666666667,0.6458,0.7480333333333333,0.7797666666666667,0.6232305860563566,0.16750590437146295,0.7463486842105262,0.016833333333333367,conf_beta,1.0,0.75,5
0.7659,0.6512333333333333,0.7492666666666666,0.7788333333333334,0.6188513693166711,0.16763057211495686,0.7462993421052632,0.01663333333333339,conf_beta,1.0,0.75,6
0.7688333333333334,0.6549,0.7478666666666667,0.7835,0.6159439450026442,0.16001069709395616,0.7451151315789474,0.02096666666666669,conf_beta,1.0,0.75,7
0.7665,0.6505666666666666,0.7496333333333334,0.7831666666666667,0.6222873119424843,0.16310196095869092,0.7466118421052633,0.016866666666666585,conf_beta,1.0,0.75,8
0.7697666666666667,0.6508,0.7508333333333334,0.7817666666666667,0.6108361204013378,0.16150943396226414,0.7473026315789474,0.018933333333333358,conf_beta,1.0,0.75,9
0.7713666666666666,0.653,0.7503,0.7788333333333334,0.6128687758643706,0.16593362654938024,0.7449013157894737,0.021066666666666678,conf_beta,1.0,0.75,10
0.7677666666666667,0.6483,0.7508666666666667,0.7811333333333333,0.6168049237356168,0.1643434253751221,0.7483388157894737,0.016900000000000026,conf_beta,1.0,0.75,11
0.7676666666666667,0.6501,0.7485666666666667,0.7824666666666666,0.6200450749038844,0.16297813599323152,0.7460526315789474,0.019100000000000006,conf_beta,1.0,0.75,12
0.7725333333333333,0.6507,0.7529666666666667,0.7798333333333334,0.6088247200107948,0.16406215414582317,0.7469407894736841,0.01956666666666662,conf_beta,1.0,0.75,13
0.7712,0.6496666666666666,0.7523,0.7859,0.6258915354595613,0.16141610173246487,0.7476480263157894,0.018900000000000028,conf_beta,1.0,0.75,14
0.7681,0.6501333333333333,0.7456,0.7783333333333333,0.6053459119496856,0.16264306151645208,0.7454605263157894,0.022499999999999964,conf_beta,1.0,0.75,15
0.7705,0.6549666666666667,0.7495333333333334,0.7834333333333333,0.6144530210274155,0.16009961753980254,0.7465789473684211,0.020966666666666578,conf_beta,1.0,0.75,16
0.7691333333333333,0.6481666666666667,0.7451,0.7785333333333333,0.6041584935268732,0.1618127320717577,0.7432236842105263,0.02403333333333335,conf_beta,1.0,0.75,17
0.7698666666666667,0.6507666666666667,0.7509,0.7813666666666667,0.6184932423390874,0.16460247702756692,0.748092105263158,0.018966666666666687,conf_beta,1.0,0.75,18
0.7690666666666667,0.6480333333333334,0.7488666666666667,0.784,0.6210512344040351,0.1613549363482596,0.746875,0.020199999999999996,conf_beta,1.0,0.75,19
0.8452,0.6508666666666667,0.8495333333333334,0.8765,0.745680106335844,0.10032959271757043,0.8454111842105263,-0.004333333333333411,conf_beta,1.0,0.85,0
0.8469333333333333,0.6464666666666666,0.8501333333333333,0.8828666666666667,0.751779359430605,0.09402446675031367,0.8472368421052632,-0.0031999999999999806,conf_beta,1.0,0.85,1
0.8446,0.6522666666666667,0.8479,0.8794333333333333,0.7378917378917379,0.09517631796202382,0.8437171052631579,-0.0032999999999999696,conf_beta,1.0,0.85,2
0.8491666666666666,0.6454666666666666,0.8526666666666667,0.8845666666666666,0.7520361990950226,0.09253322908522282,0.8463980263157894,-0.0035000000000000586,conf_beta,1.0,0.85,3
0.8482333333333333,0.6482333333333333,0.8522666666666666,0.8781666666666667,0.7382671480144405,0.09758291614518148,0.8455756578947369,-0.004033333333333333,conf_beta,1.0,0.85,4
0.8451666666666666,0.6519333333333334,0.8468666666666667,0.8765,0.7318241184153244,0.0973392112099504,0.8442763157894737,-0.0017000000000000348,conf_beta,1.0,0.85,5
0.8486,0.6514666666666666,0.8519333333333333,0.8780333333333333,0.7462854570013507,0.09906878472493935,0.8453125,-0.0033333333333332993,conf_beta,1.0,0.85,6
0.8441333333333333,0.6529666666666667,0.8480666666666666,0.8798333333333334,0.7529618253620008,0.09743730838770537,0.8466611842105263,-0.003933333333333344,conf_beta,1.0,0.85,7
0.8500333333333333,0.6483333333333333,0.8536,0.8781666666666667,0.7329234972677595,0.09692283661355826,0.846233552631579,-0.003566666666666718,conf_beta,1.0,0.85,8
0.8463,0.6527333333333334,0.8491333333333333,0.8773333333333333,0.7397260273972602,0.09821779068854518,0.8433552631578948,-0.0028333333333332433,conf_beta,1.0,0.85,9
0.8481333333333333,0.6478,0.8533333333333334,0.8845666666666666,0.7659090909090909,0.0950390625,0.848125,-0.0052000000000000934,conf_beta,1.0,0.85,10
0.8485,0.6523333333333333,0.8498666666666667,0.8807666666666667,0.7408969804618117,0.09452463131471603,0.8470065789473685,-0.0013666666666666272,conf_beta,1.0,0.85,11
0.8483666666666667,0.6510333333333334,0.8503666666666667,0.8785333333333334,0.7406994876364447,0.097212966955431,0.8462664473684209,-0.0020000000000000018,conf_beta,1.0,0.85,12
0.8466333333333333,0.649,0.8509,0.8776333333333334,0.7312765481779566,0.09672111881537196,0.8437335526315789,-0.004266666666666641,conf_beta,1.0,0.85,13
0.8461333333333333,0.6432333333333333,0.8516666666666667,0.8787,0.7440449438202247,0.09784735812133072,0.8450328947368421,-0.00553333333333339,conf_beta,1.0,0.85,14
0.845,0.6448,0.8494,0.8784666666666666,0.7485613103142984,0.09850090259791225,0.8449013157894737,-0.0044000000000000705,conf_beta,1.0,0.85,15
0.8462,0.6488,0.8515333333333334,0.8833333333333333,0.7557251908396947,0.0944179127847804,0.8466940789473685,-0.005333333333333412,conf_beta,1.0,0.85,16
0.8473666666666667,0.6483666666666666,0.8521666666666666,0.8816666666666667,0.7463359639233371,0.09485624877762566,0.8460855263157896,-0.0047999999999999154,conf_beta,1.0,0.85,17
0.8476666666666667,0.6566333333333333,0.8489666666666666,0.8764333333333333,0.7331714853233282,0.09808001884644077,0.8445394736842105,-0.0012999999999999678,conf_beta,1.0,0.85,18
0.8470666666666666,0.6498,0.8486333333333334,0.8833,0.7504954855758643,0.09301229427707294,0.8444736842105263,-0.0015666666666667162,conf_beta,1.0,0.85,19
0.7705,0.6498666666666667,0.7494333333333333,0.7801333333333333,0.6127444459225755,0.163901614553218,0.7450657894736841,0.021066666666666678,conf_beta,1.5,0.75,0
0.7725666666666666,0.6499,0.7504333333333333,0.7791333333333333,0.6070522238546815,0.1636387864789233,0.7472697368421053,0.022133333333333338,conf_beta,1.5,0.75,1
0.7700333333333333,0.6503333333333333,0.751,0.7808333333333334,0.6157965194109772,0.1644474034620506,0.7463651315789473,0.019033333333333347,conf_beta,1.5,0.75,2
0.7724333333333333,0.652,0.7525,0.7839666666666667,0.6173737373737374,0.16124031007751938,0.7464638157894737,0.01993333333333336,conf_beta,1.5,0.75,3
0.7736,0.6485,0.752,0.7874333333333333,0.6147849462365591,0.15562943262411347,0.7499835526315789,0.021599999999999953,conf_beta,1.5,0.75,4
0.7713333333333333,0.6487333333333334,0.7490333333333333,0.7871333333333334,0.618940098286625,0.1565128387699702,0.7474671052631581,0.022299999999999986,conf_beta,1.5,0.75,5
0.7711333333333333,0.6512666666666667,0.7493,0.7817666666666667,0.6118867171918628,0.1613950798523066,0.745625,0.02183333333333337,conf_beta,1.5,0.75,6
0.7732666666666667,0.6525666666666666,0.7547333333333334,0.7861666666666667,0.6178309323185648,0.15912905220386891,0.7489967105263159,0.01853333333333329,conf_beta,1.5,0.75,7
0.7699333333333334,0.6471,0.749,0.7871333333333334,0.6199203187250996,0.15683133066310637,0.7463815789473685,0.02093333333333336,conf_beta,1.5,0.75,8
0.7688333333333334,0.6494,0.7523,0.7804,0.6136455389584174,0.16469493553103814,0.7467434210526315,0.0165333333333334,conf_beta,1.5,0.75,9
0.7719333333333334,0.6542,0.7499,0.7814666666666666,0.6134879381580701,0.16251055696315064,0.7469243421052632,0.02203333333333335,conf_beta,1.5,0.75,10
0.7673,0.6489333333333334,0.7492666666666666,0.7874,0.6221749534698219,0.1573093691609574,0.7494407894736841,0.018033333333333346,conf_beta,1.5,0.75,11
0.7697,0.6470666666666667,0.7535666666666667,0.7865333333333333,0.6236980927904775,0.16021586234352192,0.7509046052631579,0.016133333333333333,conf_beta,1.5,0.75,12
0.7670333333333333,0.6477333333333334,0.7485666666666667,0.7805,0.617526183216227,0.1647593178073652,0.7461513157894737,0.01846666666666663,conf_beta,1.5,0.75,13
0.7761333333333333,0.6503333333333333,0.7548333333333334,0.7860666666666667,0.6201223657375935,0.16003532788695077,0.7483059210526315,0.021299999999999986,conf_beta,1.5,0.75,14
0.7678,0.6464,0.7517,0.7808,0.6216941871392133,0.16664449470090018,0.7449835526315789,0.016100000000000003,conf_beta,1.5,0.75,15
0.7684666666666666,0.6464333333333333,0.7483666666666666,0.7809333333333334,0.6120015896145184,0.16226448710525143,0.7463980263157896,0.020100000000000007,conf_beta,1.5,0.75,16
0.7734666666666666,0.6545,0.7509,0.7849666666666667,0.613140639636023,0.15803258312247526,0.7485526315789474,0.022566666666666624,conf_beta,1.5,0.75,17
0.7695,0.6554666666666666,0.7499666666666667,0.7841666666666667,0.6164511398480202,0.15991821858749278,0.7469736842105263,0.01953333333333329,conf_beta,1.5,0.75,18
0.7690666666666667,0.6513666666666666,0.7501333333333333,0.7830333333333334,0.6144610458911419,0.16081585495911838,0.7467598684210526,0.018933333333333358,conf_beta,1.5,0.75,19
0.8476666666666667,0.6503666666666666,0.8511333333333333,0.8839,0.7512315270935961,0.0928957468473408,0.8472203947368422,-0.003466666666666618,conf_beta,1.5,0.85,0
0.8470666666666666,0.6513,0.8521666666666666,0.8806,0.7542277339346111,0.09747701936240954,0.845986842105263,-0.005099999999999993,conf_beta,1.5,0.85,1
0.8470333333333333,0.6459,0.8516,0.8821666666666667,0.7486522911051213,0.09456708940034445,0.8454769736842106,-0.004566666666666719,conf_beta,1.5,0.85,2
0.8495333333333334,0.6473666666666666,0.8519666666666666,0.8783333333333333,0.7291150641747354,0.09573926992448843,0.8447697368421052,-0.0024333333333332874,conf_beta,1.5,0.85,3
0.8415333333333334,0.6503666666666666,0.8454333333333334,0.8783666666666666,0.7466034073754583,0.09754366597011395,0.8425822368421052,-0.0039000000000000146,conf_beta,1.5,0.85,4
0.8462666666666666,0.6475666666666666,0.8500333333333333,0.8813333333333333,0.7492776172482774,0.09536880906631112,0.8456743421052633,-0.003766666666666696,conf_beta,1.5,0.85,5
0.8439,0.6464,0.8474666666666667,0.8786,0.7408216783216783,0.09660163624921334,0.8429934210526315,-0.003566666666666718,conf_beta,1.5,0.85,6
0.8448333333333333,0.6478666666666667,0.8490333333333333,0.8833666666666666,0.7542503863987635,0.09367515998586629,0.8448848684210526,-0.0041999999999999815,conf_beta,1.5,0.85,7
0.8488,0.6470666666666667,0.8512666666666666,0.8837666666666667,0.7398027790228597,0.09107995927637247,0.8471381578947369,-0.002466666666666617,conf_beta,1.5,0.85,8
0.8451,0.6503,0.8476,0.8822666666666666,0.7567804024496938,0.09517067799276388,0.8441447368421052,-0.0025000000000000577,conf_beta,1.5,0.85,9
0.8416,0.6488666666666667,0.8465,0.8780333333333333,0.7509229098805646,0.09891710966725734,0.8443585526315789,-0.0049000000000000155,conf_beta,1.5,0.85,10
0.8487,0.6509333333333334,0.8525,0.8807666666666667,0.7378531073446327,0.09450635386119258,0.8462828947368422,-0.0038000000000000256,conf_beta,1.5,0.85,11
0.8501666666666666,0.6516666666666666,0.8548333333333333,0.8796333333333334,0.7460390355912744,0.09767985962175862,0.8467105263157895,-0.004666666666666708,conf_beta,1.5,0.85,12
0.847,0.6483,0.8501666666666666,0.8813333333333333,0.7377085650723025,0.09335424426583024,0.8450164473684211,-0.003166666666666651,conf_beta,1.5,0.85,13
0.8482,0.6524,0.8513,0.8812,0.7431069266980498,0.0946787266533537,0.8474342105263157,-0.0030999999999999917,conf_beta,1.5,0.85,14
0.8467666666666667,0.6456666666666667,0.8503333333333334,0.8812333333333333,0.7434298440979955,0.09451195609564876,0.8440296052631578,-0.003566666666666718,conf_beta,1.5,0.85,15
0.8467333333333333,0.6484666666666666,0.8502,0.8823,0.741878059635069,0.09295851956402415,0.8474013157894738,-0.003466666666666618,conf_beta,1.5,0.85,16
0.8471,0.6480666666666667,0.8511666666666666,0.8793666666666666,0.7435610302351624,0.09688662619933425,0.8457072368421052,-0.004066666666666663,conf_beta,1.5,0.85,17
0.8489333333333333,0.6457666666666667,0.8504333333333334,0.8788333333333334,0.7312235346556719,0.0952063653823541,0.8442927631578948,-0.0015000000000000568,conf_beta,1.5,0.85,18
0.8434666666666667,0.6515666666666666,0.847,0.878,0.7435729847494553,0.09771743408107045,0.8444901315789474,-0.0035333333333332773,conf_beta,1.5,0.85,19
0.7699,0.6456333333333333,0.7484333333333333,0.7879,0.6177288989002253,0.15490134948559212,0.7446381578947369,0.021466666666666745,conf_beta,2.5,0.75,0
0.7657,0.6472333333333333,0.7480333333333333,0.7844333333333333,0.6241566344754598,0.16157925226148567,0.7456414473684211,0.01766666666666672,conf_beta,2.5,0.75,1
0.773,0.6534333333333333,0.7529,0.7864666666666666,0.6193174153514097,0.15867534422455395,0.7489967105263159,0.020100000000000007,conf_beta,2.5,0.75,2
0.7730333333333334,0.6548666666666667,0.7501666666666666,0.7811,0.6084056037358239,0.16138635858698067,0.7469407894736843,0.022866666666666702,conf_beta,2.5,0.75,3
0.7714333333333333,0.6517666666666667,0.7490666666666667,0.7817333333333333,0.6176939426142402,0.16331434674261303,0.7447368421052631,0.022366666666666646,conf_beta,2.5,0.75,4
0.7712,0.6473666666666666,0.7550666666666667,0.7868666666666667,0.621801850843767,0.1595885573017835,0.7492763157894737,0.016133333333333333,conf_beta,2.5,0.75,5
0.7708666666666667,0.6564333333333333,0.7509,0.7837333333333333,0.6215709888933494,0.16247170062591557,0.7480263157894737,0.019966666666666688,conf_beta,2.5,0.75,6
0.772,0.6523,0.7517333333333334,0.7793666666666667,0.6086197636949516,0.16424263923377083,0.7462171052631578,0.020266666666666655,conf_beta,2.5,0.75,7
0.7686333333333333,0.6520333333333334,0.7494666666666666,0.785,0.6216072378924961,0.16038071517523572,0.7491118421052632,0.019166666666666665,conf_beta,2.5,0.75,8
0.7692333333333333,0.649,0.7483,0.7791666666666667,0.6048205535690637,0.1621898525546795,0.7458552631578947,0.02093333333333336,conf_beta,2.5,0.75,9
0.7718333333333334,0.6522,0.7505,0.7834333333333333,0.6172344689378757,0.16131467910282035,0.7471217105263157,0.021333333333333426,conf_beta,2.5,0.75,10
0.7713666666666666,0.6483,0.7523333333333333,0.7819333333333334,0.6088829071332436,0.16109880372175453,0.7468256578947369,0.019033333333333347,conf_beta,2.5,0.75,11
0.7720333333333333,0.6491,0.7518,0.7860666666666667,0.6215417673918883,0.1596169193934557,0.7469407894736843,0.020233333333333325,conf_beta,2.5,0.75,12
0.7737,0.6485333333333333,0.7508333333333334,0.7817,0.6026755852842809,0.15889012208657047,0.7463815789473685,0.022866666666666702,conf_beta,2.5,0.75,13
0.7710666666666667,0.6495,0.7497666666666667,0.7855333333333333,0.6144931397362462,0.1573822967145334,0.7467763157894737,0.021299999999999986,conf_beta,2.5,0.75,14
0.7685666666666666,0.6522333333333333,0.7493333333333333,0.7846333333333333,0.6142287234042553,0.1583629893238434,0.7473190789473685,0.019233333333333325,conf_beta,2.5,0.75,15
0.7721,0.6514,0.7489,0.7862333333333333,0.6195406876410461,0.15787599590510526,0.7470888157894737,0.0232,conf_beta,2.5,0.75,16
0.7673,0.6474666666666666,0.7482666666666666,0.7844,0.6195709745762712,0.160147897362794,0.7463157894736843,0.019033333333333347,conf_beta,2.5,0.75,17
0.7683333333333333,0.6512,0.7447333333333334,0.7780333333333334,0.6069469835466179,0.1633246799749351,0.7435197368421054,0.023599999999999954,conf_beta,2.5,0.75,18
0.7693,0.6484,0.7491333333333333,0.7844,0.6167951102843476,0.15947316899528344,0.7456414473684211,0.020166666666666666,conf_beta,2.5,0.75,19
0.8484333333333334,0.6514333333333333,0.8505,0.8842666666666666,0.7522853957636566,0.09253380364491476,0.8458717105263157,-0.002066666666666661,conf_beta,2.5,0.85,0
0.8455,0.6509666666666667,0.8499,0.8853333333333333,0.7577170775038863,0.0921284857042005,0.8475164473684211,-0.0043999999999999595,conf_beta,2.5,0.85,1
0.8463666666666667,0.6502,0.8498666666666667,0.8820333333333333,0.7491119005328597,0.09448540947599623,0.8451480263157896,-0.0034999999999999476,conf_beta,2.5,0.85,2
0.8463333333333334,0.6472,0.8489,0.8796666666666667,0.7350540480917714,0.09459300270938863,0.8454934210526317,-0.002566666666666606,conf_beta,2.5,0.85,3
0.8464333333333334,0.6483333333333333,0.8474,0.8829666666666667,0.7396242900830057,0.09122020297380222,0.8456907894736843,-0.0009666666666666712,conf_beta,2.5,0.85,4
0.8495333333333334,0.6552333333333333,0.8538333333333333,0.8804333333333333,0.7525655644241733,0.09767714229943393,0.8463980263157893,-0.0042999999999999705,conf_beta,2.5,0.85,5
0.8487333333333333,0.6447,0.8525666666666667,0.8794333333333333,0.7406737508478408,0.0965711381319154,0.8432730263157895,-0.0038333333333333552,conf_beta,2.5,0.85,6
0.8447,0.6478666666666667,0.8472,0.8776,0.7351657940663177,0.0967107333962858,0.8416282894736843,-0.0024999999999999467,conf_beta,2.5,0.85,7
0.8471333333333333,0.6451666666666667,0.8518333333333333,0.8865333333333333,0.7529808773903263,0.0902367442770495,0.8471381578947367,-0.0047000000000000375,conf_beta,2.5,0.85,8
0.8476333333333333,0.6521,0.8519333333333333,0.8855333333333333,0.7485366951823503,0.09065654589560998,0.8460690789473684,-0.0042999999999999705,conf_beta,2.5,0.85,9
0.8482,0.6468333333333334,0.8508666666666667,0.8865666666666666,0.7487706750111757,0.08928151688474496,0.8457894736842104,-0.002666666666666706,conf_beta,2.5,0.85,10
0.8477333333333333,0.6487333333333334,0.8496333333333334,0.8833,0.7399689647528265,0.09133351641884735,0.8438486842105263,-0.0019000000000000128,conf_beta,2.5,0.85,11
0.8483666666666667,0.6500333333333334,0.8531,0.8875,0.7621965055593374,0.09092329933966319,0.8479605263157896,-0.004733333333333256,conf_beta,2.5,0.85,12
0.8457,0.6500333333333334,0.8505333333333334,0.8810666666666667,0.7591436217662801,0.09750744630819878,0.8451644736842105,-0.004833333333333356,conf_beta,2.5,0.85,13
0.8509333333333333,0.6547,0.8518333333333333,0.8848,0.744206974128234,0.09074545098806495,0.8474506578947368,-0.0009000000000000119,conf_beta,2.5,0.85,14
0.8452333333333333,0.6488333333333334,0.8505666666666667,0.8800333333333333,0.7434753513272362,0.09597523219814241,0.8453289473684211,-0.005333333333333412,conf_beta,2.5,0.85,15
0.8476,0.6471,0.8501,0.8844,0.748943740271292,0.09171470023134533,0.8466940789473685,-0.0024999999999999467,conf_beta,2.5,0.85,16
0.8477,0.6541,0.8491,0.8820333333333333,0.7450850452838524,0.09362854787421976,0.8447368421052633,-0.0013999999999999568,conf_beta,2.5,0.85,17
0.8451333333333333,0.6468333333333334,0.8479666666666666,0.8814666666666666,0.7419425564569173,0.09351782695860686,0.845625,-0.0028333333333333544,conf_beta,2.5,0.85,18
0.8506333333333334,0.6508333333333334,0.8539666666666667,0.8846666666666667,0.7518831317050901,0.0926265662203833,0.8485690789473685,-0.0033333333333332993,conf_beta,2.5,0.85,19
