team_acc,human_acc,ai_acc,comply_rate,over_reliance,under_reliance,final_trust,complementarity,conf_beta,p_ai,seed
0.7689333333333334,0.6494,0.7469666666666667,0.7787666666666667,0.6129627190093532,0.165067606765139,0.7475822368421052,0.02196666666666669,0.4,0.75,0
0.7666666666666667,0.6466666666666666,0.7465333333333334,0.7741333333333333,0.6091530773277223,0.16985175924272192,0.7454276315789474,0.020133333333333336,0.4,0.75,1
0.7653,0.6483333333333333,0.7464,0.7729666666666667,0.6125131440588854,0.17251697034655233,0.7444078947368421,0.018900000000000028,0.4,0.75,2
0.7699666666666667,0.6502,0.7521666666666667,0.7796,0.619502353732347,0.16764901395967205,0.749325657894737,0.017800000000000038,0.4,0.75,3
0.7726666666666666,0.6527333333333334,0.7562,0.7804666666666666,0.6133442712605961,0.1656528255311646,0.7508223684210527,0.01646666666666663,0.4,0.75,4
0.77,0.6488333333333334,0.7493333333333333,0.7742333333333333,0.6031914893617021,0.16854982206405694,0.7463980263157896,0.020666666666666722,0.4,0.75,5
0.7690666666666667,0.6460333333333333,0.7509666666666667,0.7806333333333333,0.6150448400481863,0.16445470282746683,0.7481907894736843,0.018100000000000005,0.4,0.75,6
0.7672666666666667,0.6492666666666667,0.7504,0.7774333333333333,0.6161858974358975,0.1689321250888415,0.747516447368421,0.016866666666666696,0.4,0.75,7
0.7708,0.6491333333333333,0.7524333333333333,0.7785,0.6120910192540729,0.16674788464094273,0.7486348684210526,0.018366666666666753,0.4,0.75,8
0.7715,0.6520666666666667,0.7485333333333334,0.7759666666666667,0.6003446447507953,0.16503384396152476,0.7440460526315789,0.02296666666666658,0.4,0.75,9
0.7704333333333333,0.6466333333333333,0.7510666666666667,0.7793333333333333,0.6112747723620782,0.1649653825670158,0.7485526315789474,0.019366666666666643,0.4,0.75,10
0.7680333333333333,0.6437,0.7512666666666666,0.7692666666666667,0.6006432591798445,0.17490460555506257,0.7452467105263159,0.016766666666666707,0.4,0.75,11
0.7715333333333333,0.6508666666666667,0.7548,0.7808333333333334,0.6193583469276781,0.16671082847553437,0.7486842105263157,0.016733333333333267,0.4,0.75,12
0.7651666666666667,0.6498333333333334,0.7472333333333333,0.7799,0.6215218251351707,0.16652540482669403,0.7482565789473683,0.017933333333333357,0.4,0.75,13
0.7674,0.6527666666666667,0.7484333333333333,0.7800666666666667,0.6145488273486154,0.16429875740435576,0.7453125,0.018966666666666687,0.4,0.75,14
0.7695666666666666,0.6492,0.7533666666666666,0.7780666666666667,0.6134612785511555,0.16804566169638513,0.7485690789473685,0.016199999999999992,0.4,0.75,15
0.7677333333333334,0.6502,0.7473333333333333,0.7737666666666667,0.6017150395778365,0.168064228367529,0.7462006578947369,0.020400000000000085,0.4,0.75,16
0.7662,0.6491333333333333,0.7492666666666666,0.7759333333333334,0.6112735974474873,0.16896521042797402,0.7433223684210526,0.016933333333333356,0.4,0.75,17
0.7700666666666667,0.6538,0.7523333333333333,0.7755,0.6098250336473755,0.1699601240584847,0.7469736842105263,0.01773333333333338,0.4,0.75,18
0.7645333333333333,0.6520333333333334,0.7450666666666667,0.7756666666666666,0.6133629707112971,0.1687992125984252,0.7442269736842105,0.019466666666666632,0.4,0.75,19
0.8437333333333333,0.6458,0.8508333333333333,0.8720666666666667,0.7313966480446927,0.10327130264446621,0.8464638157894737,-0.007099999999999995,0.4,0.85,0
0.8442,0.6477666666666667,0.8477,0.8705333333333334,0.7294812869336835,0.10412488694899925,0.8414802631578948,-0.0035000000000000586,0.4,0.85,1
0.8470333333333333,0.6505666666666666,0.8531333333333333,0.8748,0.7405810258738085,0.10209424083769633,0.848157894736842,-0.006099999999999994,0.4,0.85,2
0.8458,0.6494,0.8490333333333333,0.8746666666666667,0.7363656436299404,0.10074202033685367,0.8467598684210526,-0.0032333333333333103,0.4,0.85,3
0.8458666666666667,0.6506666666666666,0.8512333333333333,0.8744,0.7304503697064755,0.10044249520303873,0.8453947368421052,-0.005366666666666631,0.4,0.85,4
0.8454,0.6493666666666666,0.8497,0.8749333333333333,0.7387447327567088,0.10097681534659292,0.8442927631578948,-0.0042999999999999705,0.4,0.85,5
0.8457666666666667,0.6505333333333333,0.8489333333333333,0.8748666666666667,0.7385260370697264,0.10087168211088425,0.8444078947368422,-0.003166666666666651,0.4,0.85,6
0.8483,0.6481333333333333,0.8538,0.8769333333333333,0.7482900136798906,0.10103849457328024,0.8476809210526316,-0.005499999999999949,0.4,0.85,7
0.8433666666666667,0.6532333333333333,0.8476333333333333,0.8704,0.7302559614963903,0.10440835266821345,0.843799342105263,-0.004266666666666641,0.4,0.85,8
0.8428333333333333,0.6513333333333333,0.8482666666666666,0.8758666666666667,0.7519771528998243,0.10197265011002829,0.8458881578947368,-0.00543333333333329,0.4,0.85,9
0.8463333333333334,0.6470333333333333,0.8506666666666667,0.8779666666666667,0.7421875,0.09819749216300941,0.8465953947368422,-0.0043333333333333,0.4,0.85,10
0.8432,0.6491333333333333,0.8497,0.8751,0.7442891993790197,0.10176140598642658,0.8440296052631578,-0.006500000000000061,0.4,0.85,11
0.8504333333333334,0.6543,0.8518,0.8777,0.736617183985605,0.09775377631681928,0.8466940789473685,-0.0013666666666666272,0.4,0.85,12
0.8447666666666667,0.6512333333333333,0.8522,0.8766,0.7422192151556157,0.1000938746773058,0.8461842105263158,-0.007433333333333292,0.4,0.85,13
0.8433,0.6464,0.8476,0.8778666666666667,0.7412510936132983,0.09756960830580462,0.8424177631578948,-0.0042999999999999705,0.4,0.85,14
0.8422,0.6494666666666666,0.848,0.8795,0.7541666666666667,0.09803459119496856,0.845592105263158,-0.005800000000000027,0.4,0.85,15
0.8466666666666667,0.6487333333333334,0.8498,0.8802,0.743231247225921,0.09559111947909311,0.8451809210526315,-0.0031333333333333213,0.4,0.85,16
0.8476,0.6483666666666666,0.8488,0.8756,0.7347883597883598,0.09931668237511782,0.844046052631579,-0.0011999999999999789,0.4,0.85,17
0.8454,0.6503,0.8507333333333333,0.8792333333333333,0.7467619472979008,0.09752370503879006,0.8466940789473684,-0.005333333333333301,0.4,0.85,18
0.8475666666666667,0.6521,0.8499,0.8775,0.7381745502998002,0.09789386986704318,0.846282894736842,-0.0023333333333332984,0.4,0.85,19
0.7705,0.6572333333333333,0.7498333333333334,0.7790333333333334,0.6107928047968021,0.16483663036230273,0.7472532894736841,0.02066666666666661,0.7,0.75,0
0.7732333333333333,0.6516333333333333,0.7522,0.7799333333333334,0.6099004573580845,0.1640521137995214,0.7475164473684209,0.02103333333333335,0.7,0.75,1
0.7741,0.6481333333333333,0.7545,0.783,0.606653088934148,0.1596200574331787,0.749029605263158,0.019600000000000062,0.7,0.75,2
0.7753333333333333,0.6544333333333333,0.7515666666666667,0.7853333333333333,0.610626593318127,0.15691666297068346,0.7476315789473685,0.023766666666666603,0.7,0.75,3
0.7739,0.6508666666666667,0.7534,0.7799333333333334,0.6066504460665044,0.16334837624988938,0.7488980263157896,0.020500000000000074,0.7,0.75,4
0.7697333333333334,0.6485,0.7491666666666666,0.7846666666666666,0.6201993355481727,0.16026696329254728,0.7477467105263158,0.020566666666666733,0.7,0.75,5
0.7685,0.6484333333333333,0.7531,0.7882,0.6299446469555826,0.15991678838578322,0.7518914473684211,0.01539999999999997,0.7,0.75,6
0.7730333333333334,0.6511666666666667,0.7538,0.7785333333333333,0.6112916328188465,0.16684354824445033,0.7434210526315789,0.019233333333333325,0.7,0.75,7
0.7679333333333334,0.6528,0.7461666666666666,0.7751333333333333,0.6069599474720946,0.16765691311145856,0.7435361842105265,0.021766666666666712,0.7,0.75,8
0.7652666666666667,0.6535666666666666,0.7430333333333333,0.7743666666666666,0.6017641717473083,0.1659414113319277,0.7435690789473683,0.022233333333333327,0.7,0.75,9
0.7709,0.6521333333333333,0.7527666666666667,0.7781,0.6131859242281246,0.16773679316299872,0.747450657894737,0.018133333333333335,0.7,0.75,10
0.7714,0.6515,0.7538,0.7795333333333333,0.6095315461684268,0.16494207128327584,0.7461019736842105,0.01759999999999995,0.7,0.75,11
0.7678333333333334,0.6449,0.7503333333333333,0.7773666666666667,0.6098798397863818,0.16690359840071078,0.7460855263157895,0.01750000000000007,0.7,0.75,12
0.7661,0.6525333333333333,0.7451,0.7772333333333333,0.602850791159932,0.1631100970786919,0.7441940789473683,0.02100000000000002,0.7,0.75,13
0.7687333333333334,0.6512666666666667,0.7500666666666667,0.7779666666666667,0.6129634569218458,0.16705181761621188,0.7471875,0.01866666666666672,0.7,0.75,14
0.7741,0.654,0.7523666666666666,0.7834333333333333,0.6143491721631444,0.16091444774267866,0.7464309210526315,0.021733333333333382,0.7,0.75,15
0.7741333333333333,0.6563333333333333,0.7521666666666667,0.7838666666666667,0.6119704102219233,0.15949479282074008,0.7490953947368422,0.02196666666666669,0.7,0.75,16
0.7696333333333333,0.6487333333333334,0.7487,0.7766666666666666,0.606977052659504,0.16637727616757936,0.7448519736842107,0.02093333333333325,0.7,0.75,17
0.7672,0.6491666666666667,0.7486666666666667,0.7788666666666667,0.6145888594164456,0.1659839715048976,0.7458223684210527,0.01853333333333329,0.7,0.75,18
0.7689333333333334,0.6546333333333333,0.7494,0.7758,0.6085395051875498,0.16826794769148654,0.7453947368421052,0.019533333333333402,0.7,0.75,19
0.8463,0.6541666666666667,0.8495666666666667,0.8782333333333333,0.7391978728118768,0.09714756542551105,0.8439473684210526,-0.00326666666666664,0.7,0.85,0
0.8452666666666667,0.6485666666666666,0.8495333333333334,0.8762666666666666,0.7337173238812583,0.0984854429883073,0.8458223684210526,-0.004266666666666641,0.7,0.85,1
0.8439333333333333,0.6538666666666667,0.848,0.8769,0.7399122807017544,0.09854559748427673,0.8434539473684209,-0.004066666666666663,0.7,0.85,2
0.8491333333333333,0.6499333333333334,0.852,0.8781666666666667,0.7382882882882883,0.09753521126760563,0.8466940789473685,-0.002866666666666684,0.7,0.85,3
0.8477333333333333,0.6497,0.8496,0.8787666666666667,0.7442375886524822,0.09741839296924043,0.8460690789473685,-0.0018666666666666831,0.7,0.85,4
0.8475,0.6564,0.8511333333333333,0.8808,0.7429467084639498,0.09508890107307903,0.8448684210526315,-0.0036333333333332662,0.7,0.85,5
0.8422666666666667,0.6521666666666667,0.8457333333333333,0.8777666666666667,0.7417891097666378,0.0974302380577014,0.8417598684210528,-0.003466666666666618,0.7,0.85,6
0.8467333333333333,0.6482,0.8501666666666666,0.8799666666666667,0.7448275862068966,0.09621642815134288,0.8476809210526315,-0.0034333333333332883,0.7,0.85,7
0.8444,0.6522333333333333,0.8499333333333333,0.8779,0.7416703687250111,0.09804690563965801,0.8447039473684211,-0.005533333333333279,0.7,0.85,8
0.8473333333333334,0.655,0.8494,0.8773666666666666,0.7366091190792387,0.09767679146063889,0.8449835526315789,-0.002066666666666661,0.7,0.85,9
0.8467666666666667,0.6466666666666666,0.8522,0.8770333333333333,0.7388362652232747,0.09899867010873817,0.8458881578947368,-0.00543333333333329,0.7,0.85,10
0.8458,0.6538333333333334,0.8483,0.8767333333333334,0.7347835640518567,0.09788203858697787,0.8438157894736841,-0.0025000000000000577,0.7,0.85,11
0.8467333333333333,0.6485666666666666,0.8514,0.8801666666666667,0.7420367877972185,0.09572468874794456,0.8464144736842105,-0.004666666666666708,0.7,0.85,12
0.8462666666666666,0.6487333333333334,0.8512,0.8774,0.7506720430107527,0.10044642857142858,0.8450164473684211,-0.004933333333333345,0.7,0.85,13
0.8443333333333334,0.6504666666666666,0.8507,0.8783666666666666,0.7481580709979906,0.09878139571333412,0.8453618421052631,-0.006366666666666632,0.7,0.85,14
0.8449333333333333,0.655,0.8463,0.8761,0.7369334200824116,0.0986253889479696,0.8443421052631579,-0.0013666666666667382,0.7,0.85,15
0.8488333333333333,0.6530333333333334,0.8515666666666667,0.8797666666666667,0.745340220076353,0.09680197283438369,0.8475822368421052,-0.0027333333333333654,0.7,0.85,16
0.8452,0.6528333333333334,0.8472,0.8752333333333333,0.7342931937172775,0.0993468681145735,0.8440625,-0.0020000000000000018,0.7,0.85,17
0.8433666666666667,0.6507666666666667,0.8490333333333333,0.8769,0.7460808125413999,0.09983903262533862,0.8438322368421054,-0.005666666666666598,0.7,0.85,18
0.8451666666666666,0.6476,0.8502,0.8744666666666666,0.7438807298620382,0.10252489610287775,0.8444407894736841,-0.005033333333333334,0.7,0.85,19
0.7691666666666667,0.6517333333333334,0.7522,0.7814333333333333,0.617971482378262,0.16471683063015155,0.7491776315789473,0.016966666666666685,1.0,0.75,0
0.7691333333333333,0.6536333333333333,0.7507666666666667,0.7804,0.6182961080647319,0.1657860853349909,0.7477138157894736,0.018366666666666642,1.0,0.75,1
0.7734,0.6501666666666667,0.7501,0.7828333333333334,0.6075763638788849,0.15877882948940142,0.7472039473684211,0.023299999999999987,1.0,0.75,2
0.7706333333333333,0.6522333333333333,0.7487333333333334,0.7851666666666667,0.6207216768373574,0.15964740450538686,0.7484375,0.02189999999999992,1.0,0.75,3
0.7631666666666667,0.6483333333333333,0.7454666666666667,0.7779666666666667,0.6166841278156102,0.16696476480057235,0.7458552631578947,0.017699999999999938,1.0,0.75,4
0.7664333333333333,0.6502,0.7477666666666667,0.7762333333333333,0.6052596801903,0.1660945927874114,0.7438815789473684,0.01866666666666661,1.0,0.75,5
0.7626333333333334,0.6473666666666666,0.7431333333333333,0.7781,0.6139371917985985,0.16515654436171168,0.7418585526315788,0.019500000000000073,1.0,0.75,6
0.7711666666666667,0.6478333333333334,0.7526333333333334,0.7855,0.6226923595202802,0.16099030072190973,0.7479605263157895,0.01853333333333329,1.0,0.75,7
0.7688333333333334,0.6484666666666666,0.7501333333333333,0.7806,0.6124599786552828,0.16339317454674723,0.746875,0.01870000000000005,1.0,0.75,8
0.7715333333333333,0.6495666666666666,0.7523333333333333,0.7843666666666667,0.6146702557200538,0.159769605671245,0.7469736842105263,0.019199999999999995,1.0,0.75,9
0.7722,0.6519333333333334,0.7519,0.7820333333333334,0.6131936047292759,0.16225561909828434,0.7474013157894737,0.020299999999999985,1.0,0.75,10
0.7726666666666666,0.6503666666666666,0.7533666666666666,0.7811,0.6112988241654278,0.1633113579045175,0.7494572368421052,0.019299999999999984,1.0,0.75,11
0.7719,0.6530333333333334,0.7487333333333334,0.7773,0.5967100026532237,0.16209598432908912,0.7436348684210526,0.02316666666666667,1.0,0.75,12
0.7726,0.6478,0.7513333333333333,0.7796666666666666,0.6079088471849866,0.1634871339840284,0.747516447368421,0.021266666666666656,1.0,0.75,13
0.7708333333333334,0.6516666666666666,0.7494333333333333,0.7816333333333333,0.6155381136091526,0.16283414135124316,0.7459868421052631,0.021400000000000086,1.0,0.75,14
0.7695666666666666,0.6482,0.7499,0.7839333333333334,0.6173530587764894,0.16051029026092367,0.7460690789473685,0.01966666666666661,1.0,0.75,15
0.7682333333333333,0.6478,0.7488,0.7849,0.6206210191082803,0.15998931623931623,0.7481414473684211,0.019433333333333302,1.0,0.75,16
0.7671666666666667,0.6513666666666666,0.7503,0.7794,0.6136697370177546,0.16544493313785597,0.7473684210526315,0.016866666666666696,1.0,0.75,17
0.7701,0.6423666666666666,0.7523,0.7844333333333333,0.618490109002826,0.16092870751916347,0.7465789473684211,0.017800000000000038,1.0,0.75,18
0.7684333333333333,0.6476666666666666,0.7477333333333334,0.7780333333333334,0.6117864693446089,0.16587910128388017,0.7454276315789474,0.02069999999999994,1.0,0.75,19
0.8474,0.652,0.8517,0.8796333333333334,0.7383681726230613,0.09576924582208132,0.8469901315789474,-0.0042999999999999705,1.0,0.85,0
0.8453666666666667,0.6528333333333334,0.8506666666666667,0.8804333333333333,0.7513392857142858,0.09690438871473354,0.8449177631578948,-0.005299999999999971,1.0,0.85,1
0.8442666666666667,0.6490333333333334,0.8465666666666667,0.8768333333333334,0.7393004562242016,0.0982399496003465,0.8430263157894737,-0.0022999999999999687,1.0,0.85,2
0.8460333333333333,0.6503333333333333,0.8451666666666666,0.8799,0.7298170075349839,0.09260500887398936,0.8441282894736842,0.0008666666666666822,1.0,0.85,3
0.8441333333333333,0.6527666666666667,0.8481,0.8804333333333333,0.7430326969497476,0.09495735565774477,0.8443585526315789,-0.003966666666666674,1.0,0.85,4
0.8474333333333334,0.6499333333333334,0.8478333333333333,0.8785333333333334,0.736473165388828,0.09597011991350501,0.8433388157894737,-0.00039999999999995595,1.0,0.85,5
0.8461,0.6552333333333333,0.8491,0.8795666666666667,0.7433178705544511,0.0962195265575315,0.8451315789473685,-0.0030000000000000027,1.0,0.85,6
0.8470666666666666,0.6537333333333334,0.8508666666666667,0.882,0.7467590523021904,0.09429601190942569,0.8473519736842106,-0.0038000000000000256,1.0,0.85,7
0.8437333333333333,0.6475666666666666,0.8496333333333334,0.8792333333333333,0.7459543338505874,0.09717917533053474,0.8452960526315789,-0.005900000000000016,1.0,0.85,8
0.8450333333333333,0.6511,0.8479333333333333,0.874,0.7288469969311705,0.0999685509867128,0.8429934210526315,-0.0029000000000000137,1.0,0.85,9
0.8462666666666666,0.641,0.8537666666666667,0.8783,0.749259174834739,0.0995978604614844,0.8469243421052631,-0.007500000000000062,1.0,0.85,10
0.8453666666666667,0.6480333333333334,0.8465666666666667,0.8745333333333334,0.7308277210514882,0.09942119147930858,0.843174342105263,-0.0011999999999999789,1.0,0.85,11
0.8430333333333333,0.6449,0.8488666666666667,0.8752666666666666,0.7463608292898103,0.10178276918243934,0.8427302631578948,-0.005833333333333357,1.0,0.85,12
0.8461,0.6473333333333333,0.8506333333333334,0.8828,0.7556349029234546,0.09487048865551158,0.8449506578947369,-0.004533333333333389,1.0,0.85,13
0.8480333333333333,0.6500333333333334,0.8508,0.8815,0.741733690795353,0.09398997022410281,0.8470065789473685,-0.002766666666666695,1.0,0.85,14
0.8447,0.6435,0.8504,0.8817333333333334,0.7564616755793226,0.09622922546252743,0.8467598684210526,-0.005700000000000038,1.0,0.85,15
0.8450666666666666,0.6498333333333334,0.8501666666666666,0.8829333333333333,0.7508342602892102,0.0937855322485787,0.8450657894736843,-0.005099999999999993,1.0,0.85,16
0.8459666666666666,0.6490666666666667,0.8499333333333333,0.8788333333333334,0.7356730342070191,0.09588987371558554,0.8450657894736842,-0.003966666666666674,1.0,0.85,17
0.8445333333333334,0.6463666666666666,0.8478,0.8789666666666667,0.7409110819097678,0.09624911535739561,0.8442269736842105,-0.00326666666666664,1.0,0.85,18
0.8439333333333333,0.6504666666666666,0.8479333333333333,0.8751666666666666,0.7341078474353354,0.09953612705401368,0.8433223684210526,-0.0040000000000000036,1.0,0.85,19
0.7692333333333333,0.6495666666666666,0.7497666666666667,0.7784,0.608099107499667,0.16476237051527143,0.7453453947368422,0.019466666666666632,1.5,0.75,0
0.7678333333333334,0.6499,0.7476666666666667,0.7773333333333333,0.6080581241743725,0.16553722692822112,0.7456907894736841,0.020166666666666666,1.5,0.75,1
0.7687666666666667,0.6481,0.7459666666666667,0.782,0.6105497966146175,0.15961392376781805,0.7458059210526315,0.022800000000000042,1.5,0.75,2
0.7705,0.6553333333333333,0.7493666666666666,0.7854333333333333,0.6185662987099348,0.15875628308349274,0.7452960526315789,0.021133333333333337,1.5,0.75,3
0.7725666666666666,0.6534,0.7521666666666667,0.7804,0.6138533960995293,0.16472413029027255,0.747532894736842,0.020399999999999974,1.5,0.75,4
0.7733666666666666,0.6562333333333333,0.7528,0.7826333333333333,0.6148867313915858,0.16228303223521076,0.7470065789473685,0.020566666666666622,1.5,0.75,5
0.7688,0.6515666666666666,0.7481,0.7826333333333333,0.6166468175201799,0.16147573853762867,0.7451480263157896,0.02070000000000005,1.5,0.75,6
0.7714,0.6532666666666667,0.7503,0.7846,0.6228807902816713,0.16157981251943668,0.7467763157894737,0.021100000000000008,1.5,0.75,7
0.7677,0.6465333333333333,0.7480333333333333,0.7833,0.6174097102791375,0.16082171026246603,0.7442763157894737,0.01966666666666672,1.5,0.75,8
0.7675333333333333,0.6524333333333333,0.7459666666666667,0.7867333333333333,0.6211783230547172,0.15688815407301487,0.7467269736842106,0.021566666666666623,1.5,0.75,9
0.7702666666666667,0.6506333333333333,0.7514,0.7824666666666666,0.6163850898364173,0.16258539614940998,0.7482072368421052,0.018866666666666698,1.5,0.75,10
0.7717,0.6543333333333333,0.7505666666666667,0.7860666666666667,0.6198048910864626,0.15868010836257052,0.747171052631579,0.021133333333333337,1.5,0.75,11
0.7685666666666666,0.6512333333333333,0.7489666666666667,0.7834666666666666,0.6179790200504581,0.16106635809337308,0.747516447368421,0.01959999999999995,1.5,0.75,12
0.7724,0.6547,0.7516333333333334,0.7794666666666666,0.6086431351496443,0.16408709920617323,0.7476973684210526,0.0207666666666666,1.5,0.75,13
0.7659,0.6529333333333334,0.7460333333333333,0.7786333333333333,0.613991337445859,0.16531879719404852,0.7438322368421052,0.0198666666666667,1.5,0.75,14
0.7718666666666667,0.6469,0.7539333333333333,0.7827,0.6116228664318613,0.16146432045273676,0.7469736842105263,0.017933333333333357,1.5,0.75,15
0.7690333333333333,0.6452,0.7518,0.7843666666666667,0.6195272629599785,0.16121308858739025,0.747861842105263,0.017233333333333323,1.5,0.75,16
0.7714,0.6458666666666667,0.755,0.7826333333333333,0.6153741496598639,0.16309050772626932,0.7509375,0.01639999999999997,1.5,0.75,17
0.7695333333333333,0.6452666666666667,0.7547,0.7834666666666666,0.6234542736784889,0.16452453513537388,0.7505263157894737,0.014833333333333254,1.5,0.75,18
0.7722,0.6481,0.7517333333333334,0.7854333333333333,0.611170784103115,0.15701489890031925,0.7502796052631578,0.020466666666666633,1.5,0.75,19
0.8501333333333333,0.6492,0.8521666666666666,0.8813,0.7388951521984216,0.09399569724232348,0.8466940789473685,-0.0020333333333333314,1.5,0.85,0
0.8452333333333333,0.6482666666666667,0.8494,0.8792666666666666,0.7456839309428951,0.09704889726081155,0.8439473684210526,-0.004166666666666763,1.5,0.85,1
0.8485333333333334,0.6518666666666667,0.8512,0.8772666666666666,0.7385752688172043,0.09848840852130326,0.8449671052631578,-0.002666666666666595,1.5,0.85,2
0.8472666666666666,0.6516666666666666,0.8511333333333333,0.8797,0.7442901925660547,0.09661627633743244,0.8473190789473685,-0.003866666666666685,1.5,0.85,3
0.8471,0.6528,0.8513333333333334,0.8805,0.7408071748878924,0.09510571652310101,0.8458717105263159,-0.004233333333333422,1.5,0.85,4
0.8488333333333333,0.6481,0.8536,0.8837666666666667,0.75,0.0932911590128085,0.8471546052631578,-0.004766666666666697,1.5,0.85,5
0.8467,0.6481,0.8526333333333334,0.8815333333333333,0.7550327980095001,0.09660268188748583,0.8473026315789474,-0.005933333333333346,1.5,0.85,6
0.8507,0.6493333333333333,0.8522666666666666,0.8848,0.7470667870036101,0.09132509386733417,0.8482730263157895,-0.0015666666666666051,1.5,0.85,7
0.8486,0.6505,0.8513333333333334,0.8768666666666667,0.7304932735426009,0.09757243539545811,0.8461184210526317,-0.0027333333333333654,1.5,0.85,8
0.8492333333333333,0.6501333333333333,0.8521,0.8816666666666667,0.7354068064007212,0.09294683722567773,0.846266447368421,-0.002866666666666684,1.5,0.85,9
0.8449666666666666,0.6476,0.8486333333333334,0.8819666666666667,0.7485135432724069,0.09422993833222043,0.8425,-0.003666666666666707,1.5,0.85,10
0.8432,0.6478,0.8475333333333334,0.8842666666666666,0.7547004809794491,0.09242507669314874,0.8460197368421052,-0.004333333333333411,1.5,0.85,11
0.8455,0.6504,0.8477,0.8778,0.7325454147515867,0.0961031811568558,0.8449342105263158,-0.0021999999999999797,1.5,0.85,12
0.8473,0.6480666666666667,0.8516333333333334,0.8793,0.7438777802740957,0.09710751888527927,0.8448684210526315,-0.0043333333333333,1.5,0.85,13
0.8453,0.6502,0.8497666666666667,0.8814666666666666,0.7475038828489017,0.09484956654767976,0.8457894736842104,-0.004466666666666619,1.5,0.85,14
0.8491666666666666,0.6481333333333333,0.8519666666666666,0.8812333333333333,0.7374465210538167,0.0937830118549239,0.8475164473684211,-0.0028000000000000247,1.5,0.85,15
0.8484333333333334,0.6491333333333333,0.8499666666666666,0.8826333333333334,0.7398355920906465,0.09216047688144634,0.8471052631578947,-0.0015333333333332755,1.5,0.85,16
0.8432333333333333,0.6496333333333333,0.8484666666666667,0.8780333333333333,0.7428508578970524,0.09782352478981693,0.8431414473684211,-0.005233333333333423,1.5,0.85,17
0.8468666666666667,0.6521666666666667,0.8504,0.8779,0.7346256684491979,0.09689557855126998,0.8461184210526315,-0.0035333333333333883,1.5,0.85,18
0.8457,0.6494,0.8512333333333333,0.8794,0.7492717902755994,0.09785800994635235,0.8464638157894737,-0.005533333333333279,1.5,0.85,19
0.7699333333333334,0.6512666666666667,0.7496333333333334,0.7813666666666667,0.6128345093862335,0.16234603583974389,0.7461677631578948,0.020299999999999985,2.5,0.75,0
0.7654666666666666,0.6447,0.7484666666666666,0.7811333333333333,0.6190034455340577,0.16438051126748018,0.7432730263157896,0.017000000000000015,2.5,0.75,1
0.7731333333333333,0.6491,0.7520333333333333,0.7831,0.6088183895684904,0.15943442223305704,0.7457894736842106,0.021100000000000008,2.5,0.75,2
0.7724,0.6506666666666666,0.7493333333333333,0.7834666666666666,0.6095744680851064,0.1583629893238434,0.7465460526315789,0.02306666666666668,2.5,0.75,3
0.7702,0.6536,0.7458,0.7859,0.6125098347757671,0.1550013408420488,0.7459868421052633,0.024399999999999977,2.5,0.75,4
0.7712666666666667,0.6511333333333333,0.7509333333333333,0.7849333333333334,0.6161670235546038,0.1590909090909091,0.7462828947368422,0.020333333333333314,2.5,0.75,5
0.7672666666666667,0.6509,0.7497333333333334,0.7845,0.6237346830047948,0.1618353192246132,0.7469736842105263,0.01753333333333329,2.5,0.75,6
0.7711666666666667,0.6514666666666666,0.7505333333333334,0.7846666666666666,0.6123730625334046,0.15806537573281224,0.7472861842105263,0.02063333333333328,2.5,0.75,7
0.7684,0.6520666666666667,0.7506,0.7824,0.6161454156642608,0.16235900168753886,0.748125,0.017799999999999927,2.5,0.75,8
0.7668,0.6521,0.7472,0.7836333333333333,0.6230221518987342,0.16202712348322626,0.745986842105263,0.019600000000000062,2.5,0.75,9
0.7684,0.6465666666666666,0.7499,0.782,0.6164200986272158,0.16277725919011424,0.7464967105263157,0.01849999999999996,2.5,0.75,10
0.7678666666666667,0.6540333333333334,0.7448666666666667,0.7834,0.6181081787300757,0.15998388973418062,0.7452138157894737,0.02300000000000002,2.5,0.75,11
0.7683333333333333,0.6488666666666667,0.7498,0.7784666666666666,0.6085798028244072,0.1648439583889037,0.7461184210526315,0.01853333333333329,2.5,0.75,12
0.7687333333333334,0.6511333333333333,0.7482333333333333,0.7816333333333333,0.6177677743942804,0.163228939279191,0.7429605263157896,0.020500000000000074,2.5,0.75,13
0.7716333333333333,0.6445666666666666,0.7534,0.787,0.6165179778318465,0.1571984780107955,0.7478947368421052,0.018233333333333324,2.5,0.75,14
0.7686333333333333,0.6493,0.7503,0.7844333333333333,0.6192764650914431,0.1606024256963881,0.7490460526315789,0.018333333333333313,2.5,0.75,15
0.772,0.6517,0.7488,0.7801,0.6076167728237792,0.16203703703703703,0.7460361842105263,0.0232,2.5,0.75,16
0.7694666666666666,0.6483666666666666,0.7506666666666667,0.7787666666666667,0.6073529411764705,0.16429840142095914,0.7453453947368422,0.018799999999999928,2.5,0.75,17
0.7670666666666667,0.6508333333333334,0.7473,0.7782333333333333,0.6128479092468012,0.16584147374994423,0.7424342105263159,0.01976666666666671,2.5,0.75,18
0.7736,0.6538333333333334,0.7511,0.7858,0.6175170751305745,0.15843429636533085,0.7459210526315789,0.022499999999999964,2.5,0.75,19
0.8481666666666666,0.6500666666666667,0.85,0.8845666666666666,0.7455555555555555,0.09090196078431373,0.8456414473684211,-0.0018333333333333535,2.5,0.85,0
0.8458,0.6542666666666667,0.8475,0.8794333333333333,0.733551912568306,0.0943166175024582,0.8438651315789474,-0.0017000000000000348,2.5,0.85,1
0.8452666666666667,0.6478333333333334,0.8480666666666666,0.8785666666666667,0.7463799912242212,0.09775174907633048,0.8437335526315789,-0.0027999999999999137,2.5,0.85,2
0.8448333333333333,0.6456,0.8486,0.8807333333333334,0.7514310876265962,0.09619765888915076,0.8438157894736843,-0.003766666666666696,2.5,0.85,3
0.8477666666666667,0.6490333333333334,0.8495,0.8859333333333334,0.7446290143964562,0.08903276437119874,0.8461513157894736,-0.0017333333333333645,2.5,0.85,4
0.8435,0.6486666666666666,0.8498,0.8796666666666667,0.7503328894806924,0.09747391543108182,0.8454769736842104,-0.006299999999999972,2.5,0.85,5
0.8436666666666667,0.6492333333333333,0.8493,0.8836666666666667,0.7547002875470029,0.09344950743749755,0.8464309210526315,-0.005633333333333379,2.5,0.85,6
0.8488,0.6513333333333333,0.8509333333333333,0.8803,0.7370304114490162,0.09460200564086493,0.8452467105263157,-0.0021333333333333204,2.5,0.85,7
0.8491333333333333,0.6533333333333333,0.8507,0.8830333333333333,0.7396740343826746,0.09180674738450688,0.8470559210526315,-0.0015666666666667162,2.5,0.85,8
0.8469666666666666,0.6494666666666666,0.8512666666666666,0.8843666666666666,0.7451815329448678,0.0913149032813846,0.8465131578947368,-0.0042999999999999705,2.5,0.85,9
0.8458,0.6512333333333333,0.8479,0.8811,0.7466579005040543,0.09478318984156937,0.8457401315789475,-0.0020999999999999908,2.5,0.85,10
0.8463666666666667,0.6504666666666666,0.8494,0.8851,0.7545374059318283,0.09175103994976846,0.8469078947368422,-0.0030333333333333323,2.5,0.85,11
0.8445333333333334,0.6529333333333334,0.8491,0.8804,0.7506074663132317,0.09653358457975111,0.8451151315789474,-0.004566666666666608,2.5,0.85,12
0.8427666666666667,0.6517,0.8449,0.8792666666666666,0.7451106812808941,0.09610604805302403,0.8423355263157895,-0.0021333333333333204,2.5,0.85,13
0.8474,0.6434,0.8502333333333333,0.8799666666666667,0.738927220120187,0.09518955580820951,0.8445394736842106,-0.0028333333333332433,2.5,0.85,14
0.8462333333333333,0.6506666666666666,0.8515333333333334,0.8838,0.7595419847328244,0.09453534799968684,0.8453782894736841,-0.005300000000000082,2.5,0.85,15
0.8465333333333334,0.6456333333333333,0.8500666666666666,0.8850333333333333,0.7538906180524677,0.09183593443651478,0.8451973684210526,-0.0035333333333332773,2.5,0.85,16
0.8478,0.6516,0.8504666666666667,0.8840333333333333,0.7452073116362015,0.09155757623265658,0.8474671052631578,-0.002666666666666706,2.5,0.85,17
0.8481333333333333,0.6554666666666666,0.8528,0.8819333333333333,0.7490942028985508,0.09513758599124453,0.8457894736842104,-0.004666666666666708,2.5,0.85,18
0.8455666666666667,0.6469333333333334,0.8486,0.8827333333333334,0.7492294143549098,0.09344803205279284,0.8439967105263159,-0.0030333333333333323,2.5,0.85,19
