condition,seed,round,opinion_var,opinion_bimodality,frac_extreme,round_diversity_entropy
random,0,0,0.07683769743480785,0.17170378528354302,0.03333333333333333,2.222353009488393
random,0,1,0.0718042618433289,0.17499029496075827,0.03333333333333333,2.284481946631189
random,0,2,0.06461690327967107,0.1774879496803835,0.02666666666666667,2.253742637112826
random,0,3,0.0619081526755136,0.17281289464145863,0.02,2.2652496458144347
random,0,4,0.052469397100777464,0.17268717165984362,0.01,2.2439420137344093
random,0,5,0.046860886256523265,0.16821028154413986,0.0,2.2423610910808485
random,0,6,0.04125939645168614,0.16663178357501063,0.0033333333333333335,2.2385591286870996
random,0,7,0.039335646546184044,0.1703599492343018,0.0,2.2560908783929983
random,0,8,0.037032943813046136,0.16162552294458715,0.0033333333333333335,2.251198378186883
random,0,9,0.03369845864831254,0.16285542790675142,0.0033333333333333335,2.2405171571206153
random,0,10,0.03221173889707746,0.16542461496275754,0.0033333333333333335,2.2484344407379835
random,0,11,0.030345260007322638,0.1746872651420099,0.0,2.252501311075978
random,0,12,0.02972151917379234,0.17263421422136804,0.0,2.2418485521428497
random,0,13,0.02746959851533698,0.175426414068225,0.0,2.2216998074254657
random,0,14,0.02631573411316585,0.17854362443120278,0.0,2.2719242649052953
random,0,15,0.024712046469390583,0.1773503380260615,0.0,2.2449908550219115
random,0,16,0.02513406956309632,0.171615526950235,0.0,2.2481800751114713
random,0,17,0.023621480398172325,0.1698024016904029,0.0,2.2413108802871795
random,0,18,0.02135699180917078,0.16814051572492858,0.0,2.232592692657606
random,0,19,0.02215581990710266,0.1705552308055382,0.0,2.215489921138974
random,0,20,0.021447705081218214,0.1704333736613498,0.0,2.2291716687964573
random,0,21,0.02290586554439867,0.17470888214426222,0.0,2.2682455696030206
random,0,22,0.023079383287340466,0.18122631621929927,0.0,2.2460114337672845
random,0,23,0.022420948183100132,0.1622264202244145,0.0,2.243767798944142
random,0,24,0.024097298757596388,0.18068021451340693,0.0,2.2458317472501426
random,0,25,0.026827071247558596,0.1793034253553612,0.0,2.2565168858034412
random,0,26,0.024913934528996966,0.1800605114058884,0.0,2.2476917874453464
random,0,27,0.02576368356516162,0.18024700369435934,0.0,2.261677363820436
random,0,28,0.023696162927058947,0.1760987983027166,0.0,2.224384465462405
random,0,29,0.023360580042470304,0.18225645855346229,0.0,2.2412687100473403
random,0,30,0.023827506212796876,0.17296650653313833,0.0,2.2649358265260053
random,0,31,0.024384646546297392,0.1758853550123033,0.0,2.2349523752590783
random,0,32,0.024872771510358726,0.17630821840102506,0.0,2.239696011102843
random,0,33,0.02427120384219004,0.17807946178467862,0.0,2.22143859939374
random,0,34,0.02322245409749705,0.16553680385223585,0.0,2.228826711882785
random,0,35,0.02315664096664312,0.16788153754132626,0.0,2.243258094974455
random,0,36,0.02287251718104637,0.16975975246817224,0.0,2.228034518735242
random,0,37,0.021750159286483696,0.17036911381466932,0.0,2.2041280427591325
random,0,38,0.02099604685832059,0.16922452296187904,0.0,2.2623410219081257
random,0,39,0.02291066331291703,0.17199134377088843,0.0,2.2315701256501432
random,1,0,0.06811549257566657,0.15667699651544884,0.02,2.2571487672274264
random,1,1,0.06214663608459985,0.15930818665873447,0.02,2.2463618307812805
random,1,2,0.054801492434526,0.1667147328770852,0.01,2.2475897679003403
random,1,3,0.04905151125444275,0.1700312635076186,0.006666666666666667,2.25914190556853
random,1,4,0.042029881048148386,0.16590583018372648,0.0033333333333333335,2.2453488510944206
random,1,5,0.038378157063894115,0.16615889449834392,0.0033333333333333335,2.2607167826633137
random,1,6,0.03561865202932273,0.16930669110616445,0.0,2.204552146865322
random,1,7,0.03313869243316093,0.1759442930654331,0.0,2.2449553714868413
random,1,8,0.032153412439112704,0.18106028698871243,0.0,2.2592561739987924
random,1,9,0.029506991577272736,0.17297859725234524,0.0,2.2727861298196377
random,1,10,0.02933092999125276,0.17567284491807278,0.0,2.2375613504744303
random,1,11,0.028837607601638813,0.17527335428705765,0.0,2.235176825166797
random,1,12,0.027891970029294815,0.17418199464586148,0.0,2.2468941767958723
random,1,13,0.02715696495798716,0.16873263570224875,0.0,2.2295396397229763
random,1,14,0.02765715658616633,0.1702340930839697,0.0,2.2643245655200683
random,1,15,0.025747199514524234,0.17674567406646208,0.0,2.229920170051377
random,1,16,0.026539465312291403,0.17200280656323866,0.0,2.2494494675367
random,1,17,0.02445386457115512,0.18722592490854273,0.0,2.2343397046940585
random,1,18,0.021818750977782617,0.17393033005430392,0.0,2.224344221813586
random,1,19,0.02159161266134808,0.16844153078052895,0.0,2.250480952255825
random,1,20,0.020292217635120516,0.16437014826936544,0.0,2.2465024902238127
random,1,21,0.021198272164077686,0.17194502477702703,0.0,2.25288789343293
random,1,22,0.022472609302678935,0.17078334313303584,0.0,2.2783978648442567
random,1,23,0.022100615986643358,0.16749128863756532,0.0,2.246342993133191
random,1,24,0.02261886294851626,0.1723020180056607,0.0,2.249740552492694
random,1,25,0.024046210261156498,0.16417705506356792,0.0,2.249586942413477
random,1,26,0.024930304100259502,0.16528819742715214,0.0,2.248461909329224
random,1,27,0.02328253273722701,0.17230776631075992,0.0,2.2248869209814592
random,1,28,0.022695704934383713,0.17832057792255074,0.0,2.252412449577437
random,1,29,0.021641952463872478,0.18156853921022414,0.0,2.2470821095516325
random,1,30,0.020431065941890557,0.1847756950142793,0.0,2.2484272258047096
random,1,31,0.02108460686746,0.1827289535230545,0.0,2.2521525260903563
random,1,32,0.02142250327220048,0.1847299737014524,0.0,2.231308153078791
random,1,33,0.021263285394109228,0.17481450777474922,0.0,2.2513502141915485
random,1,34,0.02398019351779455,0.17903746521935573,0.0,2.255061780136219
random,1,35,0.025161944257679845,0.17905854870577884,0.0,2.239840654223147
random,1,36,0.024282453256147273,0.17880740773611636,0.0,2.224525744941121
random,1,37,0.023954841615407597,0.16977017955724782,0.0,2.2561668246832505
random,1,38,0.023895299701250768,0.1668689257169436,0.0,2.25241814235498
random,1,39,0.02256918282959032,0.17807956193860777,0.0,2.2331020199444165
random,2,0,0.08146941020090995,0.17175058944932112,0.04,2.261628888781645
random,2,1,0.07284897290381515,0.16812737774752298,0.03333333333333333,2.268020476023453
random,2,2,0.06657165814490446,0.1671068800309066,0.03,2.2566279892575083
random,2,3,0.05795412057876233,0.16318751760431296,0.016666666666666666,2.250392238216487
random,2,4,0.04984460949748885,0.16529354008630784,0.013333333333333334,2.2436698714786036
random,2,5,0.04513574356873031,0.161426287731971,0.01,2.24243822504801
random,2,6,0.04332856207734942,0.16382816575521383,0.0033333333333333335,2.248104695007118
random,2,7,0.03849017363602699,0.16212597778456778,0.0033333333333333335,2.243590678678922
random,2,8,0.03507114973516844,0.15664926983112265,0.006666666666666667,2.2374871388636213
random,2,9,0.032706799411971015,0.16985130465873077,0.0,2.257219476750293
random,2,10,0.030802767655280405,0.1698415811228196,0.0,2.2441118032133462
random,2,11,0.029543958364444685,0.17457485426321712,0.0,2.2341914489983394
random,2,12,0.029205266363034308,0.1738205365792028,0.0,2.239873203641292
random,2,13,0.027641167571537898,0.17104171757407172,0.0,2.25763880603752
random,2,14,0.027862254713862444,0.16923184838775351,0.0,2.2438088770255287
random,2,15,0.027705646042286414,0.1734688231468846,0.0,2.26205424822773
random,2,16,0.028076086664661066,0.18093836691546594,0.0,2.2487978744406476
random,2,17,0.027719380354644396,0.18169360967193396,0.0,2.26376808087869
random,2,18,0.025663460305695513,0.17998299464000564,0.0,2.2554917307281586
random,2,19,0.026873348841650203,0.1778870506176339,0.0,2.249820022883275
random,2,20,0.024568737507087025,0.18305366297998318,0.0,2.2308482473807136
random,2,21,0.023294886706499696,0.18644943340617418,0.0,2.2308802755120762
random,2,22,0.021846304833000398,0.1858947350604617,0.0,2.236775037847982
random,2,23,0.023341291219375532,0.1852085437503167,0.0,2.2481295672868105
random,2,24,0.022142054725596435,0.17608420159991076,0.0,2.233667760488153
random,2,25,0.02313204626729369,0.1694777923091478,0.0,2.244663219477963
random,2,26,0.024379499903671848,0.1688761127305115,0.0,2.260681777475824
random,2,27,0.025228970484235027,0.16804648866228764,0.0,2.258821955753589
random,2,28,0.02251610667455784,0.1665911032652466,0.0,2.226297355485512
random,2,29,0.021472895649523035,0.17241698328771338,0.0,2.2515810783478916
random,2,30,0.020029125270805893,0.17455583838966454,0.0,2.2272543493281285
random,2,31,0.022278032386259746,0.17689412646037303,0.0,2.2469218129884276
random,2,32,0.021270206744499573,0.17185790856695848,0.0,2.236316539411818
random,2,33,0.022211451779056722,0.17845320463678335,0.0,2.248424551584765
random,2,34,0.021916448566952004,0.17688131478988128,0.0,2.257925189369479
random,2,35,0.02083152337145467,0.18345176261583326,0.0,2.2241246753273267
random,2,36,0.022588481492650074,0.18044223239645177,0.0,2.266565352622928
random,2,37,0.024875830337371438,0.1800565313699226,0.0,2.259949553543104
random,2,38,0.02297716523789322,0.1844356395139237,0.0,2.2138493593842057
random,2,39,0.0213555629073528,0.18331789676562343,0.0,2.2373108684398386
random,3,0,0.07897081061530833,0.16497381674442185,0.03666666666666667,2.254482889174045
random,3,1,0.06601487492168681,0.16465514141040694,0.01,2.2519068850828314
random,3,2,0.05552243196742848,0.16888487906367722,0.01,2.235350451610077
random,3,3,0.04798681525687832,0.16845416324330656,0.0033333333333333335,2.2412437226033584
random,3,4,0.044290638014495225,0.1700883740928226,0.006666666666666667,2.200469283477176
random,3,5,0.040641437726499065,0.16311960339886006,0.0033333333333333335,2.254285572198254
random,3,6,0.03832054436580124,0.15995565882973894,0.0033333333333333335,2.2629008024798924
random,3,7,0.03613832759859792,0.16646823860605733,0.0,2.26086833846528
random,3,8,0.03311497246331477,0.16735187145802258,0.0,2.2236910734826223
random,3,9,0.031156719203486737,0.1678406631003296,0.0,2.251611134936441
random,3,10,0.030340286143211385,0.1729555846972958,0.0,2.262605467876424
random,3,11,0.027291232104368283,0.1700752670477143,0.0,2.2360113906180734
random,3,12,0.028687235879076123,0.1678009774733033,0.0,2.2590576499553627
random,3,13,0.029053156639524045,0.1597112990458239,0.0,2.262590110916798
random,3,14,0.028098894775086206,0.16367735595213528,0.0,2.2492233368848162
random,3,15,0.02857185170280042,0.15722087095949908,0.0,2.256796572500393
random,3,16,0.027446696807780484,0.16521529028820592,0.0,2.240090934148494
random,3,17,0.025317658685689675,0.1583050017353553,0.0,2.229554572051388
random,3,18,0.024874122544341237,0.16329441538590211,0.0,2.259420298420339
random,3,19,0.025089571804086924,0.17588877318678,0.0,2.2577100559705823
random,3,20,0.02476614229320675,0.1862875072058289,0.0,2.249180030199074
random,3,21,0.024581593889931645,0.18306341367628237,0.0,2.2577480291371637
random,3,22,0.023671479240811144,0.18087702441670167,0.0,2.2329598627477525
random,3,23,0.023527611579787357,0.18719183524468072,0.0,2.24335991137031
random,3,24,0.022977594515429373,0.18406355635105845,0.0,2.2274456440209294
random,3,25,0.023126660280468656,0.1878176861333632,0.0,2.243412543834156
random,3,26,0.025635116488837522,0.18605702578106684,0.0,2.252718985307955
random,3,27,0.023650439151848848,0.17136447706871008,0.0,2.215164084089544
random,3,28,0.023981979597790026,0.16021652075020593,0.0,2.251805269779897
random,3,29,0.024030689810051603,0.16534412716718333,0.0,2.246596507267265
random,3,30,0.023409464649743958,0.17124281665876281,0.0,2.232111241738849
random,3,31,0.022937229855609212,0.17467021948116407,0.0,2.207345446477517
random,3,32,0.023505869699755582,0.18110291944173051,0.0,2.2288079663883495
random,3,33,0.02382995134806852,0.1755595442632539,0.0,2.2520429927274153
random,3,34,0.023614101977798372,0.17317316734237567,0.0,2.256431613544159
random,3,35,0.02377870082022275,0.17127656316718054,0.0,2.2552525943892694
random,3,36,0.02331805380328836,0.16771149974129376,0.0,2.2517635931861557
random,3,37,0.022436960544274485,0.17672515513806056,0.0,2.246900436984039
random,3,38,0.024219417503971746,0.17234704856084307,0.0,2.2557609494433715
random,3,39,0.02352319607764084,0.1801176573386143,0.0,2.2308758384923673
random,4,0,0.08109920532055206,0.17084216480298364,0.03666666666666667,2.260318100340556
random,4,1,0.07300388166639626,0.16717072840565403,0.023333333333333334,2.2656456231065385
random,4,2,0.0655552102997597,0.1700821100285326,0.02,2.2500847280665837
random,4,3,0.05607927685323335,0.16899605009285185,0.016666666666666666,2.2470209041352303
random,4,4,0.051096931644174365,0.1676131185881911,0.006666666666666667,2.2619112285596175
random,4,5,0.043816404557228725,0.16571871824781642,0.006666666666666667,2.24266920191311
random,4,6,0.03863654937968417,0.16661706247508723,0.0033333333333333335,2.2177434806934655
random,4,7,0.03637156869898854,0.17063410560237047,0.0,2.23417642397756
random,4,8,0.034227966065506134,0.17374826493133388,0.0,2.2380557538634887
random,4,9,0.03181237915492605,0.17329580106841022,0.0,2.238929752176654
random,4,10,0.030191798786488786,0.18030891308448638,0.0,2.234351106542818
random,4,11,0.02946472739377119,0.17692480262631638,0.0,2.239585967515358
random,4,12,0.026213502145927988,0.17585430253542972,0.0,2.2457705595081783
random,4,13,0.024949758432816226,0.18281882009702624,0.0,2.240494497425355
random,4,14,0.024448743718993235,0.18104004542014795,0.0,2.2235266609804105
random,4,15,0.02325425825657559,0.1771434575824997,0.0,2.2456058272841295
random,4,16,0.023417434860478124,0.16400008729063403,0.0,2.2222005127994686
random,4,17,0.024074291780649293,0.1625164835606686,0.0,2.2567867999058855
random,4,18,0.024182278078184485,0.1683822858821055,0.0,2.215396827239448
random,4,19,0.02600976168314466,0.16092242929407993,0.0,2.26916506942308
random,4,20,0.02403240240071635,0.1543977029298932,0.0,2.2275587258307903
random,4,21,0.024564036567299653,0.15640842541827368,0.0,2.2265009717641497
random,4,22,0.024088013021117596,0.16635149503545824,0.0,2.2231402714179698
random,4,23,0.0243486772212856,0.17345923982428435,0.0,2.24957682246311
random,4,24,0.02413571006418426,0.17481502719948075,0.0,2.240247120513924
random,4,25,0.023679185517994496,0.17349658523905181,0.0,2.25150198583799
random,4,26,0.025771231564349743,0.17762793821286127,0.0,2.2636646343131086
random,4,27,0.025980231234475834,0.16942394730364033,0.0,2.2535080389013356
random,4,28,0.025323542361351082,0.1656475048476765,0.0,2.2551453741997394
random,4,29,0.024450740052586427,0.17119744410111085,0.0,2.2700570381055165
random,4,30,0.02379712955970668,0.16450720219772647,0.0,2.2468386799062605
random,4,31,0.023065125858733136,0.16853401208123414,0.0,2.225316837622161
random,4,32,0.023650207386394513,0.17903214880490562,0.0,2.249969871537401
random,4,33,0.02407332577565843,0.17966627936181032,0.0,2.2429152253634026
random,4,34,0.02410311787934592,0.16578850989534813,0.0,2.2399767033966085
random,4,35,0.02390327003246554,0.17066290506701243,0.0,2.241004635759571
random,4,36,0.024046546330845766,0.17153367825483173,0.0,2.2351566458014775
random,4,37,0.024346247304843274,0.17578099480777348,0.0,2.2192920404854246
random,4,38,0.025702128553542997,0.17795104646629353,0.0,2.246571465805147
random,4,39,0.025966450773731463,0.1763326655153048,0.0,2.2567059437877535
static,0,0,0.07683769743480785,0.17170378528354302,0.03333333333333333,2.222353009488393
static,0,1,0.0718042618433289,0.17499029496075827,0.03333333333333333,2.284481946631189
static,0,2,0.06461690327967107,0.1774879496803835,0.02666666666666667,2.253742637112826
static,0,3,0.0645129616021485,0.17924189631352885,0.02,1.6926895831212765
static,0,4,0.06446468695412068,0.180357835158209,0.02,1.6877204994410717
static,0,5,0.06463728309259244,0.17950152737816358,0.023333333333333334,1.6886815203895118
static,0,6,0.06518425165103925,0.1794891504948924,0.023333333333333334,1.6885164387125267
static,0,7,0.06517023572251966,0.1794062248223635,0.02,1.698020719412041
static,0,8,0.06568735017226722,0.18057297622432952,0.02,1.684032172438493
static,0,9,0.0658995433549253,0.18084078928048924,0.016666666666666666,1.689529290022717
static,0,10,0.0661722761886674,0.18042899779316268,0.016666666666666666,1.6973632483750247
static,0,11,0.0665137682659871,0.18178744157315133,0.02,1.689364968944109
static,0,12,0.06669289015248782,0.18241364595220266,0.02,1.6854857207320633
static,0,13,0.06718543297223012,0.1824234509725798,0.02,1.7034251934958529
static,0,14,0.06762295155492842,0.1824019113784487,0.023333333333333334,1.6969577635911302
static,0,15,0.06758834382739753,0.1815984112877444,0.016666666666666666,1.709716751751559
static,0,16,0.06813297108794512,0.18089759428641672,0.023333333333333334,1.7040241844889485
static,0,17,0.06770458458409169,0.18161027662109333,0.023333333333333334,1.7054772327109817
static,0,18,0.06777627200335089,0.18259351857301273,0.02,1.7035285303312395
static,0,19,0.0675329407416986,0.18200211063103333,0.02,1.7031507384862787
static,0,20,0.06770243985478293,0.18306428516142811,0.02,1.6895068811255225
static,0,21,0.06759048168345522,0.183051867085499,0.02,1.6864603223429215
static,0,22,0.06810217857786582,0.18248542877890916,0.023333333333333334,1.6934740039726899
static,0,23,0.06833109853348777,0.1820323400392325,0.023333333333333334,1.7024539318750396
static,0,24,0.06839145557385722,0.18196890849145053,0.023333333333333334,1.7012021331354448
static,0,25,0.0684142053696247,0.1832239654766589,0.023333333333333334,1.7011098034845915
static,0,26,0.06854846848702668,0.183706857310162,0.023333333333333334,1.702973901060954
static,0,27,0.06807715434446777,0.1815592550588289,0.023333333333333334,1.6958629567998278
static,0,28,0.06807135786904249,0.18188711477159847,0.02,1.7019136152985388
static,0,29,0.06778468416951952,0.18164783796426795,0.02,1.6924967803083748
static,0,30,0.06810182542380656,0.18056041852472843,0.023333333333333334,1.6839256455875478
static,0,31,0.06837885358262312,0.18042425578359939,0.02666666666666667,1.6875408067937205
static,0,32,0.0685859705454393,0.17861340974573292,0.02666666666666667,1.7072773581678888
static,0,33,0.06939726750785835,0.17861497869581627,0.02666666666666667,1.7027316031739612
static,0,34,0.06972743422816907,0.17992015154865335,0.02666666666666667,1.6995850457074044
static,0,35,0.0705618375550501,0.1796166604239616,0.023333333333333334,1.7005666464165916
static,0,36,0.07050414179411596,0.17855689607692218,0.03,1.7050584825967208
static,0,37,0.07092452394192436,0.1793679936936174,0.03,1.704501007088308
static,0,38,0.07154474423100296,0.17902013323008492,0.03666666666666667,1.7144986200638186
static,0,39,0.07164888766311175,0.17948484350185673,0.03666666666666667,1.7188701779880196
static,1,0,0.06811549257566657,0.15667699651544884,0.02,2.2571487672274264
static,1,1,0.06214663608459985,0.15930818665873447,0.02,2.2463618307812805
static,1,2,0.054801492434526,0.1667147328770852,0.01,2.2475897679003403
static,1,3,0.05535181004058411,0.1658161455307186,0.01,1.6059482835323071
static,1,4,0.055538220683248755,0.16772482600347186,0.01,1.6094377233282071
static,1,5,0.05556360418171688,0.16726873739563208,0.01,1.6259881361011002
static,1,6,0.05577300789341608,0.1662477306744193,0.01,1.6252346921178285
static,1,7,0.05586298671562762,0.16691854603933318,0.01,1.6316244705075957
static,1,8,0.055947807110547955,0.16728967482461352,0.01,1.6253496509678356
static,1,9,0.05580509993144274,0.1668393856949153,0.01,1.616271211904543
static,1,10,0.055510306156531325,0.16757260255096676,0.01,1.6217477342447237
static,1,11,0.05537524680083003,0.16777576670415112,0.01,1.6114837255253822
static,1,12,0.055389886474934494,0.16802031134593595,0.01,1.6129785379054264
static,1,13,0.05504036462452021,0.1694316282917117,0.013333333333333334,1.6175865846927113
static,1,14,0.05516561772113536,0.17063092655983697,0.01,1.6142123029317994
static,1,15,0.05559974897624795,0.16968677360877368,0.01,1.6105207172105076
static,1,16,0.05562059532393226,0.16955638773010706,0.01,1.6291335896038965
static,1,17,0.056344160944776976,0.1691148658012065,0.01,1.6026370702248975
static,1,18,0.056383306545574524,0.16832275467391397,0.01,1.613067746801977
static,1,19,0.05610867350153127,0.1686461678428933,0.01,1.6344468739939586
static,1,20,0.05601123529746575,0.16816894527435755,0.01,1.6342490926936297
static,1,21,0.05647735325405785,0.1684062147967185,0.01,1.6170359819161193
static,1,22,0.057024378581352904,0.16963690990291666,0.01,1.6292229524066117
static,1,23,0.057410790849504637,0.16963952360108428,0.01,1.6320628979099072
static,1,24,0.057992606723772676,0.16875221180494193,0.01,1.6366861964857051
static,1,25,0.05853390028039288,0.16907614806134924,0.01,1.6440125411588153
static,1,26,0.05826347304595534,0.1698692025443456,0.01,1.6492165830190535
static,1,27,0.059534290101301485,0.17056058853429995,0.01,1.6367746046409446
static,1,28,0.060191012409666865,0.17137208242650495,0.01,1.6472387303622589
static,1,29,0.060189757465386746,0.17051668340567266,0.01,1.6458181675772168
static,1,30,0.060242475113310594,0.1710666329993621,0.01,1.642440007975196
static,1,31,0.060667990657103085,0.17187427904117117,0.01,1.656572359185418
static,1,32,0.06068340284078075,0.17142734257981282,0.01,1.6470050404866425
static,1,33,0.06156708715895041,0.17035207046882878,0.013333333333333334,1.6532105114621793
static,1,34,0.06145770543772078,0.1717853524818498,0.013333333333333334,1.666772190887043
static,1,35,0.061723548810450356,0.17171194604837675,0.013333333333333334,1.6738137242635622
static,1,36,0.062086286138526736,0.1726815349221336,0.013333333333333334,1.6626852901340996
static,1,37,0.06223244610283752,0.17155000519877517,0.013333333333333334,1.6531697818008304
static,1,38,0.062129079172564376,0.17047499301716212,0.013333333333333334,1.6724087911960486
static,1,39,0.06252863829704645,0.17055163458576836,0.013333333333333334,1.6631903597888056
static,2,0,0.08146941020090995,0.17175058944932112,0.04,2.261628888781645
static,2,1,0.07284897290381515,0.16812737774752298,0.03333333333333333,2.268020476023453
static,2,2,0.06657165814490446,0.1671068800309066,0.03,2.2566279892575083
static,2,3,0.06694357534020026,0.16702872296407875,0.02666666666666667,1.6899191134433644
static,2,4,0.06746929204892149,0.1662108863490187,0.03,1.6706968357057441
static,2,5,0.06745160789751069,0.16713243010917864,0.03,1.6911881006708227
static,2,6,0.06809486110647826,0.16708837355791084,0.03,1.6907000074811855
static,2,7,0.06835749591493782,0.16632857997976597,0.03,1.6851750110118706
static,2,8,0.06849071290465872,0.1661756877146578,0.03333333333333333,1.6930461221869244
static,2,9,0.06838830182258522,0.16664082211959294,0.03333333333333333,1.6871275325657313
static,2,10,0.06802885580495027,0.16621272320169278,0.03333333333333333,1.7009317868444709
static,2,11,0.06818191966846116,0.16649420925619227,0.03,1.68807521848911
static,2,12,0.0686711179454088,0.16740930518737007,0.03,1.6974102821382027
static,2,13,0.06903050487356048,0.16702083514320756,0.03,1.6975818842559018
static,2,14,0.069152892142469,0.16658591485949661,0.03,1.7001814268731585
static,2,15,0.06903376098410152,0.16605900630199702,0.03,1.7178950626118699
static,2,16,0.06957178567899641,0.16610893399107854,0.03333333333333333,1.6967489489539413
static,2,17,0.07020957887903777,0.16604957477242027,0.03,1.7097893876329633
static,2,18,0.07029287071225863,0.16565010543313066,0.02666666666666667,1.704517064272944
static,2,19,0.07066658772850576,0.1653897704084951,0.02666666666666667,1.6941398233064522
static,2,20,0.07073018268456614,0.16615854966781898,0.02666666666666667,1.7063616202660379
static,2,21,0.07092442273286331,0.16655652733116214,0.03333333333333333,1.6958107563500873
static,2,22,0.07110013525504896,0.16700146664406368,0.03,1.718163251184139
static,2,23,0.0715209072474369,0.16699999405969435,0.03333333333333333,1.7095317790360671
static,2,24,0.07218718382637056,0.16707189419692398,0.03333333333333333,1.724130308360424
static,2,25,0.07246248900099327,0.16691115773514423,0.03333333333333333,1.735700448052158
static,2,26,0.07239537595992665,0.16694649284131596,0.03333333333333333,1.726108977722013
static,2,27,0.07273944383208028,0.1666571320431833,0.03333333333333333,1.7229918973419116
static,2,28,0.07271474887474198,0.1668994456653728,0.03333333333333333,1.7277176283261029
static,2,29,0.07292556555979798,0.1659685548286222,0.03333333333333333,1.7258349703824736
static,2,30,0.07378549873022294,0.16622195798908876,0.03333333333333333,1.7255690067922551
static,2,31,0.07416981882163837,0.1662099306470301,0.03333333333333333,1.7197044674757938
static,2,32,0.07433498475346509,0.16635256531778408,0.03666666666666667,1.7400408372946825
static,2,33,0.07445095277773212,0.1657353167340861,0.03666666666666667,1.7436330394279966
static,2,34,0.0744716717574825,0.16536117693185318,0.03666666666666667,1.7418983280004603
static,2,35,0.07445254270650058,0.16612665109063887,0.03666666666666667,1.7597594333547593
static,2,36,0.07450282229789032,0.16604132117539466,0.03666666666666667,1.739811596425241
static,2,37,0.07509697566288655,0.16591661003092542,0.03333333333333333,1.7648691523874227
static,2,38,0.07524567468054864,0.16683561112931528,0.03333333333333333,1.7455278060899229
static,2,39,0.075216492032056,0.1667814960190727,0.03333333333333333,1.7552956880516422
static,3,0,0.07897081061530833,0.16497381674442185,0.03666666666666667,2.254482889174045
static,3,1,0.06601487492168681,0.16465514141040694,0.01,2.2519068850828314
static,3,2,0.05552243196742848,0.16888487906367722,0.01,2.235350451610077
static,3,3,0.05596420785690914,0.16858567098166974,0.01,1.6052745733190568
static,3,4,0.05590304775902913,0.16939265508352022,0.006666666666666667,1.6052486043604755
static,3,5,0.056346872270705915,0.16934202975513696,0.01,1.6119399604809674
static,3,6,0.056629344315984785,0.1693535606850723,0.006666666666666667,1.6046098083567262
static,3,7,0.05680677669651843,0.16918220948100995,0.006666666666666667,1.6193434155309303
static,3,8,0.05708984973698183,0.17034182709798254,0.006666666666666667,1.604807765723924
static,3,9,0.05768604002523081,0.17009889062928302,0.006666666666666667,1.6217962083208004
static,3,10,0.05794724355293559,0.17018220210227486,0.006666666666666667,1.625200402932156
static,3,11,0.05824549508581607,0.16991678952261205,0.006666666666666667,1.6194518610498434
static,3,12,0.05872074504801044,0.1682476237014467,0.01,1.6405214136923685
static,3,13,0.05883889998071507,0.16810353559752952,0.01,1.6237636250438459
static,3,14,0.05886346719961811,0.16760387473484747,0.01,1.6346877104281161
static,3,15,0.05864827481039538,0.16895946308892734,0.006666666666666667,1.6328219615776745
static,3,16,0.05844397322770572,0.1695374572063314,0.006666666666666667,1.6192463592602553
static,3,17,0.05857257637311978,0.16979420721889205,0.006666666666666667,1.634566968632964
static,3,18,0.05897176000721204,0.17012905603179623,0.006666666666666667,1.627753890808962
static,3,19,0.05919339681430486,0.1703054181507625,0.006666666666666667,1.6244854294563849
static,3,20,0.059561864038779104,0.1701071377976717,0.006666666666666667,1.6392892817122446
static,3,21,0.05963053737939116,0.17106558070999442,0.006666666666666667,1.6372465750817145
static,3,22,0.06001907516715398,0.1712631519580965,0.006666666666666667,1.6425756661388862
static,3,23,0.059931104218776836,0.17093652432273393,0.006666666666666667,1.6475821350022153
static,3,24,0.060421718941885416,0.1720784235407477,0.006666666666666667,1.6292461128660665
static,3,25,0.06030758732471511,0.17209366991523453,0.006666666666666667,1.632913913127883
static,3,26,0.06032564825920133,0.17297609135569336,0.0033333333333333335,1.6413625601758324
static,3,27,0.06120834858575517,0.17337702112422815,0.006666666666666667,1.6315689152416322
static,3,28,0.06159790591949971,0.17340898932506268,0.01,1.6427147726489852
static,3,29,0.06171113894470354,0.17356868702722383,0.01,1.6644980432570575
static,3,30,0.06182844063127283,0.17326127821372028,0.01,1.6431282260725673
static,3,31,0.062126733397572,0.17340760460640883,0.006666666666666667,1.6488500343894528
static,3,32,0.062146280768217065,0.17436611768339338,0.01,1.654617347078809
static,3,33,0.06263725570696523,0.1747561642680723,0.006666666666666667,1.6555662331194578
static,3,34,0.06272316545795273,0.17507894394690535,0.006666666666666667,1.649615234951304
static,3,35,0.06328092754488433,0.17452715866648297,0.01,1.6400444631818005
static,3,36,0.06367766133661085,0.1741288839578068,0.013333333333333334,1.6417993577059347
static,3,37,0.06386712554622635,0.17401458411188117,0.013333333333333334,1.6591436426381168
static,3,38,0.06439901925963008,0.1737516332456671,0.013333333333333334,1.6698037110478166
static,3,39,0.06456860187174053,0.17303449649162056,0.013333333333333334,1.6741820512757273
static,4,0,0.08109920532055206,0.17084216480298364,0.03666666666666667,2.260318100340556
static,4,1,0.07300388166639626,0.16717072840565403,0.023333333333333334,2.2656456231065385
static,4,2,0.0655552102997597,0.1700821100285326,0.02,2.2500847280665837
static,4,3,0.06609088170024803,0.16941017150341664,0.02666666666666667,1.6938276876620937
static,4,4,0.06666457165838506,0.16962226334490776,0.02666666666666667,1.6883855034146524
static,4,5,0.06704576903043795,0.1691326543730381,0.02666666666666667,1.694451717345451
static,4,6,0.06714991050275985,0.16826432881486342,0.02666666666666667,1.7006578121788842
static,4,7,0.06822607602622575,0.16816523971370928,0.02666666666666667,1.70037405766597
static,4,8,0.0683390187064419,0.16774084932039224,0.02666666666666667,1.7116036185952874
static,4,9,0.06865497322271981,0.16849749569461667,0.02666666666666667,1.7263285502469428
static,4,10,0.06854785171252788,0.16789189734148788,0.02666666666666667,1.716742857645411
static,4,11,0.06913953632980872,0.1676758808429684,0.03,1.7258605781586491
static,4,12,0.07016575975070635,0.16690524348506044,0.03,1.7150311027327323
static,4,13,0.06995795763821334,0.16686669855519956,0.02666666666666667,1.7158320219642698
static,4,14,0.07017025158749805,0.16694340561788643,0.02666666666666667,1.7187423640463837
static,4,15,0.0699374183464745,0.16681993636850403,0.02666666666666667,1.7300907967102164
static,4,16,0.07025755859611321,0.1665192735342474,0.02666666666666667,1.7301592103728467
static,4,17,0.0701437617459384,0.16583072152466066,0.02666666666666667,1.7416851302975043
static,4,18,0.06982841346663278,0.16548195200736193,0.02666666666666667,1.7320411735106485
static,4,19,0.06969705165411147,0.16686549340236295,0.023333333333333334,1.7196690541408157
static,4,20,0.06914655214147292,0.1659396655489033,0.023333333333333334,1.7099225349098413
static,4,21,0.06911914652961788,0.1671012741446843,0.02666666666666667,1.711010682831586
static,4,22,0.06988161848380192,0.1683774940391189,0.02666666666666667,1.7117607972375344
static,4,23,0.07035444869680288,0.16849791599806094,0.023333333333333334,1.721993113629702
static,4,24,0.07056574458014524,0.1676268037330107,0.02666666666666667,1.7262696126746726
static,4,25,0.07085345571923969,0.16807293956604036,0.02666666666666667,1.7389512543833237
static,4,26,0.0711643054518755,0.16861526970028323,0.02666666666666667,1.7466391675303663
static,4,27,0.07120240208676312,0.16874306919245602,0.02666666666666667,1.7401666355540144
static,4,28,0.07119001419375183,0.1684121276043181,0.02666666666666667,1.723129269323798
static,4,29,0.07200369521824243,0.16790355317232247,0.023333333333333334,1.735562270044558
static,4,30,0.07253315561975399,0.16788379718895766,0.023333333333333334,1.7338526427300007
static,4,31,0.07276946282023616,0.16854401712767186,0.02666666666666667,1.7341445464779714
static,4,32,0.07363689131335978,0.1690751970033773,0.03,1.7430933278379688
static,4,33,0.07370727978554463,0.16887281581017585,0.03,1.7463626276162585
static,4,34,0.074327028425218,0.16856777802624098,0.03,1.7550869537302272
static,4,35,0.0745948984403632,0.16787099657622365,0.03,1.7567003921639737
static,4,36,0.0751106684727411,0.16867945781228572,0.03,1.7571651293825918
static,4,37,0.07582272936562502,0.16878904437619463,0.03,1.7515160188753933
static,4,38,0.07547759225209937,0.16864281195293077,0.03,1.7652796229559402
static,4,39,0.07563325283558403,0.16900414344527775,0.03,1.75663323328414
adaptive,0,0,0.07683769743480785,0.17170378528354302,0.03333333333333333,2.222353009488393
adaptive,0,1,0.0718042618433289,0.17499029496075827,0.03333333333333333,2.284481946631189
adaptive,0,2,0.06461690327967107,0.1774879496803835,0.02666666666666667,2.253742637112826
adaptive,0,3,0.0645129616021485,0.17924189631352885,0.02,1.6926895831212765
adaptive,0,4,0.0644639963903213,0.180359261852692,0.02,1.6877204994410717
adaptive,0,5,0.06463603333112075,0.1795055623928074,0.023333333333333334,1.6886815203895118
adaptive,0,6,0.06518388325840642,0.17949389840434826,0.023333333333333334,1.6885164387125267
adaptive,0,7,0.06518115956757708,0.17942240936853068,0.02,1.698020719412041
adaptive,0,8,0.06569003209183188,0.1806047154818034,0.02,1.684032172438493
adaptive,0,9,0.06590023115409588,0.18087660756593757,0.016666666666666666,1.6902276443579733
adaptive,0,10,0.06617669660567709,0.1804725151940863,0.016666666666666666,1.6973632483750247
adaptive,0,11,0.06652467036152604,0.18179560127184316,0.02,1.689364968944109
adaptive,0,12,0.06670514104900346,0.18241176269315185,0.02,1.6854857207320633
adaptive,0,13,0.06719374971611929,0.18244301756859163,0.02,1.7030498327379013
adaptive,0,14,0.0676314186377549,0.1824463394694739,0.023333333333333334,1.6969577635911302
adaptive,0,15,0.06760508676295408,0.18160011043033583,0.016666666666666666,1.7099391910002
adaptive,0,16,0.06813627151217995,0.18091695400597463,0.023333333333333334,1.7040947964465225
adaptive,0,17,0.06769587947428637,0.18170719507200225,0.023333333333333334,1.7054306756183422
adaptive,0,18,0.06775180050704674,0.18273668125021025,0.02,1.7029490209135307
adaptive,0,19,0.06750339199416135,0.1821893593623778,0.02,1.7026695584525458
adaptive,0,20,0.06767987409589539,0.18323348910565343,0.02,1.6895068811255225
adaptive,0,21,0.06756458855549873,0.18321359944829532,0.02,1.6863665650100845
adaptive,0,22,0.0680729294300204,0.1826519560240287,0.023333333333333334,1.6932455574665302
adaptive,0,23,0.068273901819395,0.18223367700815532,0.023333333333333334,1.701547005700208
adaptive,0,24,0.06833553900598772,0.18214462054143513,0.023333333333333334,1.7012021331354448
adaptive,0,25,0.0683509456798892,0.18352575196005283,0.023333333333333334,1.7012707781900098
adaptive,0,26,0.06847562210617351,0.18397135059720512,0.023333333333333334,1.703338022907141
adaptive,0,27,0.06797524351481797,0.18174313786636745,0.023333333333333334,1.6952629746884122
adaptive,0,28,0.06796634630781483,0.18202793891931937,0.02,1.70214790291304
adaptive,0,29,0.06764416132159669,0.18195428444935544,0.02,1.6922777545865344
adaptive,0,30,0.06794185861483622,0.18086490049139103,0.023333333333333334,1.6801951246107552
adaptive,0,31,0.06818338186989405,0.180651112675801,0.02666666666666667,1.6861736436762373
adaptive,0,32,0.06833338343707686,0.17890697726799087,0.02666666666666667,1.7072863850363529
adaptive,0,33,0.06907901982097552,0.1789873943872972,0.02666666666666667,1.6988104250022373
adaptive,0,34,0.06935043792709496,0.18024774180679987,0.02666666666666667,1.698665231779832
adaptive,0,35,0.07012807448762184,0.18017393125490544,0.023333333333333334,1.695503736095965
adaptive,0,36,0.06998287240248142,0.17910407633689626,0.03,1.7025905483786756
adaptive,0,37,0.07035644504410993,0.17992678078339844,0.03,1.697308501751232
adaptive,0,38,0.07088921327372676,0.17950805863348718,0.03333333333333333,1.7048812956079349
adaptive,0,39,0.07095006029866899,0.17998699960108305,0.03,1.7047776413850828
adaptive,1,0,0.06811549257566657,0.15667699651544884,0.02,2.2571487672274264
adaptive,1,1,0.06214663608459985,0.15930818665873447,0.02,2.2463618307812805
adaptive,1,2,0.054801492434526,0.1667147328770852,0.01,2.2475897679003403
adaptive,1,3,0.05535181004058411,0.1658161455307186,0.01,1.6059482835323071
adaptive,1,4,0.05551858568184931,0.167867799838476,0.01,1.6094377233282071
adaptive,1,5,0.05553335798637924,0.16749188831837575,0.01,1.6259881361011002
adaptive,1,6,0.05573106977241693,0.16647866890677196,0.01,1.6252346921178285
adaptive,1,7,0.05581686064688822,0.16710116693176905,0.01,1.6316244705075957
adaptive,1,8,0.055904631655559006,0.16745746729653688,0.01,1.6253496509678356
adaptive,1,9,0.05575612529497184,0.1669417691456008,0.01,1.6163359938442579
adaptive,1,10,0.055453128077958894,0.16770523039871052,0.01,1.6217477342447237
adaptive,1,11,0.05528501911026339,0.16800651088523808,0.01,1.608704364597112
adaptive,1,12,0.055312261183684465,0.16820750345447116,0.01,1.6129785379054264
adaptive,1,13,0.054961094935713085,0.16954889888250482,0.013333333333333334,1.6175865846927113
adaptive,1,14,0.05509296092546573,0.17066805194960943,0.01,1.6139180507064812
adaptive,1,15,0.055526389791036204,0.16975408464709169,0.01,1.6096508633293247
adaptive,1,16,0.055501669869497096,0.16955765632302375,0.01,1.6259511495079075
adaptive,1,17,0.05615055128364483,0.16908596016259744,0.01,1.6003150123400751
adaptive,1,18,0.05616196794729888,0.16829973648564028,0.01,1.6064958501665378
adaptive,1,19,0.055844869837432184,0.1686487293418436,0.01,1.6308694659966225
adaptive,1,20,0.05570022736570246,0.16813138677643258,0.01,1.6314795658185843
adaptive,1,21,0.05614472569086118,0.1684588242323882,0.01,1.6168264286574603
adaptive,1,22,0.05661753015756354,0.16978739459157288,0.01,1.626848664760776
adaptive,1,23,0.05695144057490121,0.16972368627158083,0.01,1.62660661700717
adaptive,1,24,0.05744814832888963,0.16877520366096027,0.01,1.6289059338144019
adaptive,1,25,0.05791810119662691,0.16903706914687913,0.01,1.6374764638926107
adaptive,1,26,0.05758097132617972,0.16990330956657726,0.01,1.6435645126154044
adaptive,1,27,0.05882113719544312,0.1705801208503063,0.01,1.6299773972147182
adaptive,1,28,0.05945458527972215,0.17139716625223336,0.01,1.642175246996942
adaptive,1,29,0.059390551125219265,0.170519000902418,0.01,1.6352708999334606
adaptive,1,30,0.05933160593420756,0.17103183276417444,0.01,1.6345095052969523
adaptive,1,31,0.05969727665796207,0.17174395502414036,0.01,1.65097691559922
adaptive,1,32,0.05962916586478284,0.17143546887939387,0.01,1.6377837854212158
adaptive,1,33,0.060464171066181766,0.17045481767913181,0.013333333333333334,1.646985479829508
adaptive,1,34,0.06031620562808912,0.1719480516431288,0.01,1.660273139965355
adaptive,1,35,0.060497398729404066,0.17176167088499833,0.013333333333333334,1.6665041529164004
adaptive,1,36,0.060800511727902705,0.17276634823311887,0.01,1.6546470813722118
adaptive,1,37,0.0608963452554552,0.17170012093604012,0.013333333333333334,1.6418803875859411
adaptive,1,38,0.060718910328904356,0.17047640729992114,0.013333333333333334,1.666967945467383
adaptive,1,39,0.06103093353538611,0.17056214220271013,0.013333333333333334,1.6566762199467437
adaptive,2,0,0.08146941020090995,0.17175058944932112,0.04,2.261628888781645
adaptive,2,1,0.07284897290381515,0.16812737774752298,0.03333333333333333,2.268020476023453
adaptive,2,2,0.06657165814490446,0.1671068800309066,0.03,2.2566279892575083
adaptive,2,3,0.06694357534020026,0.16702872296407875,0.02666666666666667,1.6899191134433644
adaptive,2,4,0.06749401378101423,0.16617623338251886,0.03,1.6706968357057441
adaptive,2,5,0.06748348998861042,0.16709452589934476,0.03,1.6908768416836701
adaptive,2,6,0.06813448463139091,0.1670543918703533,0.03,1.6907000074811855
adaptive,2,7,0.0684069904660754,0.16630073338746462,0.03,1.6851750110118706
adaptive,2,8,0.06852876148224443,0.16616553630807135,0.03333333333333333,1.6930461221869244
adaptive,2,9,0.06843281350815632,0.16665966898047874,0.03333333333333333,1.6870655628922253
adaptive,2,10,0.06808130668352604,0.16624027386534532,0.03333333333333333,1.7006769088326306
adaptive,2,11,0.06824711295398524,0.16651564407323527,0.03,1.68807521848911
adaptive,2,12,0.0687410185564105,0.16746085197854238,0.03,1.6974102821382027
adaptive,2,13,0.06908464255340636,0.16713779887152275,0.03,1.6975818842559018
adaptive,2,14,0.06918646740424797,0.16668366204803933,0.03,1.7004394104898723
adaptive,2,15,0.06901588454524057,0.16620768371039166,0.03,1.7147876231303127
adaptive,2,16,0.06955798183673689,0.16629395929746302,0.03333333333333333,1.696559471437139
adaptive,2,17,0.07018510698861799,0.16629610905934059,0.03,1.7104185902837665
adaptive,2,18,0.07024892657416933,0.16592339975430892,0.02666666666666667,1.7051482515175729
adaptive,2,19,0.07063144269520122,0.16566364705318687,0.02666666666666667,1.6950699507374969
adaptive,2,20,0.07068167546825309,0.16643712118762483,0.02666666666666667,1.7071427390122804
adaptive,2,21,0.07085374769612829,0.16678458580287417,0.03333333333333333,1.6945593697729602
adaptive,2,22,0.07104042810153736,0.16728704073028855,0.03,1.718504848656123
adaptive,2,23,0.07143457466283384,0.1673158000330186,0.03333333333333333,1.70563002009031
adaptive,2,24,0.07196146584785824,0.16733771899997107,0.03333333333333333,1.7185353403591666
adaptive,2,25,0.07216219771618947,0.16716613605159344,0.03333333333333333,1.7334485193398566
adaptive,2,26,0.07205723771440646,0.16724321305015077,0.03333333333333333,1.7187128930262596
adaptive,2,27,0.07236334951435978,0.1668835523077965,0.03333333333333333,1.717455468283708
adaptive,2,28,0.07227097866011253,0.16709920044285625,0.03333333333333333,1.7236779094961063
adaptive,2,29,0.0724529325721555,0.16611645586780735,0.03333333333333333,1.7208405022694984
adaptive,2,30,0.07322489142056919,0.1663384236451097,0.03333333333333333,1.7218038794077954
adaptive,2,31,0.07354729566851456,0.16625910603595392,0.03333333333333333,1.7166657338918436
adaptive,2,32,0.07363078802697945,0.16637800852730272,0.03666666666666667,1.7331619032285384
adaptive,2,33,0.07360525926764647,0.16577321661501926,0.03666666666666667,1.7362330851734942
adaptive,2,34,0.07353833745029824,0.16550473349774067,0.03666666666666667,1.7330542055344516
adaptive,2,35,0.07345624616908163,0.1663153383497797,0.03666666666666667,1.7486806127047785
adaptive,2,36,0.07341013009841743,0.16620903021487754,0.03666666666666667,1.7277802165431007
adaptive,2,37,0.07388132245304507,0.16594250887331227,0.03,1.7493419306221445
adaptive,2,38,0.07395883417375357,0.16682958471623982,0.03,1.7344605623477896
adaptive,2,39,0.07388877197544261,0.16676000070561894,0.02666666666666667,1.7422600524629743
adaptive,3,0,0.07897081061530833,0.16497381674442185,0.03666666666666667,2.254482889174045
adaptive,3,1,0.06601487492168681,0.16465514141040694,0.01,2.2519068850828314
adaptive,3,2,0.05552243196742848,0.16888487906367722,0.01,2.235350451610077
adaptive,3,3,0.05596420785690914,0.16858567098166974,0.01,1.6052745733190568
adaptive,3,4,0.055897532694324355,0.16938582849298456,0.006666666666666667,1.6052486043604755
adaptive,3,5,0.0563437212584385,0.1693374889085706,0.01,1.6119399604809674
adaptive,3,6,0.05661240019661761,0.1693725876430196,0.006666666666666667,1.6046098083567262
adaptive,3,7,0.05678624346921971,0.16922577964258168,0.006666666666666667,1.6193434155309303
adaptive,3,8,0.05706741023349102,0.17037178842885178,0.006666666666666667,1.604807765723924
adaptive,3,9,0.05763823249191316,0.1701857472349554,0.006666666666666667,1.620538161833312
adaptive,3,10,0.05788819932091902,0.17026648329309732,0.006666666666666667,1.625200402932156
adaptive,3,11,0.0581727835887157,0.17006029569756717,0.006666666666666667,1.618787390079795
adaptive,3,12,0.058633788278927394,0.16835806203031856,0.01,1.63785332878341
adaptive,3,13,0.05869934249098977,0.1683043054706059,0.01,1.6222452315085119
adaptive,3,14,0.05870156666770967,0.16779694738919598,0.006666666666666667,1.6346877104281161
adaptive,3,15,0.0584305389356358,0.16926255270410348,0.006666666666666667,1.6308154000042268
adaptive,3,16,0.0582032870462816,0.16978751637270642,0.006666666666666667,1.6178179843422615
adaptive,3,17,0.0582767133152547,0.17013291264271874,0.006666666666666667,1.6342655792705252
adaptive,3,18,0.058627984196600307,0.1704283429279955,0.006666666666666667,1.6265948746247467
adaptive,3,19,0.05880347056067104,0.17058438241206514,0.006666666666666667,1.6239615181730218
adaptive,3,20,0.05917371089512348,0.17040329311838498,0.006666666666666667,1.6380878963373284
adaptive,3,21,0.05919371687081627,0.17138355544001252,0.006666666666666667,1.635735003729153
adaptive,3,22,0.0595486815021649,0.1716303483725583,0.006666666666666667,1.6371902578869206
adaptive,3,23,0.059423648750894786,0.1713047017045216,0.006666666666666667,1.6460389978646817
adaptive,3,24,0.059924041447298605,0.17234316852939427,0.006666666666666667,1.6280795682343645
adaptive,3,25,0.059815501870418286,0.17233756972077233,0.006666666666666667,1.6310736826693328
adaptive,3,26,0.05979754262387767,0.17319155249880072,0.0033333333333333335,1.6381176574198433
adaptive,3,27,0.060701114989561704,0.17358816942164174,0.006666666666666667,1.6292938739345895
adaptive,3,28,0.061027828643470866,0.17363693625618715,0.006666666666666667,1.6405179897810962
adaptive,3,29,0.06112025116722554,0.17385775421148536,0.006666666666666667,1.6595097622128585
adaptive,3,30,0.06120824666033227,0.17353432393104976,0.006666666666666667,1.6380815059222815
adaptive,3,31,0.061498513836164136,0.1737207160004954,0.006666666666666667,1.6426050376776327
adaptive,3,32,0.061445509727785834,0.17473203420422642,0.01,1.6524221214033208
adaptive,3,33,0.06183216104384215,0.17526974602124593,0.006666666666666667,1.651317530086117
adaptive,3,34,0.06179437155789362,0.1754465263998207,0.006666666666666667,1.6373047641534857
adaptive,3,35,0.06223890567134305,0.17482497515507311,0.01,1.6302384556706233
adaptive,3,36,0.06253809214142807,0.17441462193051963,0.01,1.6366911524164491
adaptive,3,37,0.06271158893053534,0.1743715448437462,0.013333333333333334,1.6551197029717928
adaptive,3,38,0.06319572624614764,0.17406715884705554,0.013333333333333334,1.6691030565267475
adaptive,3,39,0.0632961227743191,0.1731281492976295,0.013333333333333334,1.6696456241467905
adaptive,4,0,0.08109920532055206,0.17084216480298364,0.03666666666666667,2.260318100340556
adaptive,4,1,0.07300388166639626,0.16717072840565403,0.023333333333333334,2.2656456231065385
adaptive,4,2,0.0655552102997597,0.1700821100285326,0.02,2.2500847280665837
adaptive,4,3,0.06609088170024803,0.16941017150341664,0.02666666666666667,1.6938276876620937
adaptive,4,4,0.06665563026063519,0.16960209894161088,0.02666666666666667,1.6883855034146524
adaptive,4,5,0.0670202538735694,0.16908977611988882,0.02666666666666667,1.6935836935163626
adaptive,4,6,0.0671148865814817,0.1682165601502654,0.02666666666666667,1.700325895318783
adaptive,4,7,0.06815630394642416,0.16813391506284686,0.02666666666666667,1.6999894699509226
adaptive,4,8,0.0682360390949502,0.16770961444302704,0.02666666666666667,1.7100568803242011
adaptive,4,9,0.06854385205058933,0.16844224515893233,0.02666666666666667,1.7253734872001445
adaptive,4,10,0.06845449393474232,0.16782930243684377,0.02666666666666667,1.716742857645411
adaptive,4,11,0.06898881711789358,0.16764495308810926,0.02666666666666667,1.7224587294200457
adaptive,4,12,0.06989256861238947,0.1669650565716817,0.03,1.7110428754463896
adaptive,4,13,0.06961837447760978,0.1669177325168929,0.02666666666666667,1.7124492078129758
adaptive,4,14,0.06974335416295945,0.1670061573623053,0.023333333333333334,1.7151213368718732
adaptive,4,15,0.06950073725424923,0.16683562864607437,0.023333333333333334,1.7245927073989529
adaptive,4,16,0.06974608082599336,0.1665387295775149,0.023333333333333334,1.7224099561213653
adaptive,4,17,0.06957848784919086,0.16577897746344758,0.02666666666666667,1.733337823535898
adaptive,4,18,0.06922423172534006,0.1654540043376026,0.02666666666666667,1.7249659467046887
adaptive,4,19,0.06900865293289592,0.1668227475640159,0.023333333333333334,1.70985205183366
adaptive,4,20,0.06844285943818854,0.16582042266289868,0.02,1.7064544418548964
adaptive,4,21,0.06840354489001894,0.16703154164825373,0.02666666666666667,1.701370202598546
adaptive,4,22,0.06909783233053239,0.1683587823169058,0.02,1.704611956055037
adaptive,4,23,0.06954768416141656,0.16840800336184128,0.02,1.7136395976344885
adaptive,4,24,0.0697053595124751,0.16751511283893475,0.023333333333333334,1.7139705817919408
adaptive,4,25,0.06991061771739644,0.1678632083011048,0.023333333333333334,1.7283436094119988
adaptive,4,26,0.07011648307317597,0.16840533873390207,0.023333333333333334,1.7334102019859368
adaptive,4,27,0.07009188824297587,0.16843207243336053,0.02666666666666667,1.7263369495924026
adaptive,4,28,0.06997786153228584,0.1682289521483674,0.02666666666666667,1.7049246004768055
adaptive,4,29,0.07071228718602054,0.1676981389146502,0.023333333333333334,1.723383680487598
adaptive,4,30,0.07114615161255419,0.16779963987516766,0.02,1.7228124086655485
adaptive,4,31,0.07132787022047339,0.1684604291113995,0.02666666666666667,1.7222640063761516
adaptive,4,32,0.07212007928864207,0.16896686018808607,0.02666666666666667,1.732702654730419
adaptive,4,33,0.07216012864319447,0.1687962435372831,0.03,1.7333718348951126
adaptive,4,34,0.07271467183131898,0.16829722507947334,0.02666666666666667,1.7435650867668715
adaptive,4,35,0.07289071933871895,0.16763898392014184,0.02666666666666667,1.7437379683261491
adaptive,4,36,0.07335762654001914,0.16845836361602878,0.03,1.7473913084404984
adaptive,4,37,0.07397643116476951,0.16856103769013356,0.03,1.744343136584713
adaptive,4,38,0.0735640011121677,0.16844635921859216,0.03,1.7569188535283236
adaptive,4,39,0.07361464478266651,0.16883472366111665,0.03,1.7427276460855907
adaptive_diverse,0,0,0.07683769743480785,0.17170378528354302,0.03333333333333333,2.222353009488393
adaptive_diverse,0,1,0.0718042618433289,0.17499029496075827,0.03333333333333333,2.284481946631189
adaptive_diverse,0,2,0.06461690327967107,0.1774879496803835,0.02666666666666667,2.253742637112826
adaptive_diverse,0,3,0.06334820562501799,0.17600721939871655,0.02,1.9918676537071063
adaptive_diverse,0,4,0.06009226632441926,0.17749836960909857,0.016666666666666666,1.9436234001164339
adaptive_diverse,0,5,0.055373664320771024,0.17297522415613326,0.016666666666666666,1.9371681947011825
adaptive_diverse,0,6,0.053091464496670744,0.17707831708793953,0.013333333333333334,1.979388502816967
adaptive_diverse,0,7,0.05302612465735319,0.17375354317327846,0.01,1.9583495284582235
adaptive_diverse,0,8,0.050520845006274254,0.17316436417847125,0.01,1.9540480984047004
adaptive_diverse,0,9,0.049426582214867364,0.17543266073661662,0.006666666666666667,1.9299953555806566
adaptive_diverse,0,10,0.04709077995582166,0.1778532678939065,0.006666666666666667,1.923476689241036
adaptive_diverse,0,11,0.04638757932015154,0.1775217322822625,0.01,1.9257200450151863
adaptive_diverse,0,12,0.042717208985220655,0.17128694785223675,0.0033333333333333335,1.9185793401362934
adaptive_diverse,0,13,0.04081520621901891,0.17433126738428292,0.006666666666666667,1.8771821351860243
adaptive_diverse,0,14,0.04099805667654942,0.17348931787112534,0.0033333333333333335,1.8819365979444733
adaptive_diverse,0,15,0.04226959787514533,0.1755779478925576,0.0033333333333333335,1.8722963876403371
adaptive_diverse,0,16,0.03904211159344868,0.1752284913443484,0.0,1.8934426487562934
adaptive_diverse,0,17,0.038199861872321744,0.173554035547155,0.0,1.8861314583306419
adaptive_diverse,0,18,0.03657729492614599,0.1731615207050041,0.0,1.8392615887284574
adaptive_diverse,0,19,0.034841097403369714,0.16991781812882495,0.0,1.8731733714744423
adaptive_diverse,0,20,0.03360157345917512,0.1679953198089375,0.0,1.855168253483316
adaptive_diverse,0,21,0.03275395253936767,0.16820361336800949,0.0,1.803132682671366
adaptive_diverse,0,22,0.030657251178313527,0.1741340125847244,0.0,1.8303218859660526
adaptive_diverse,0,23,0.029674323288940912,0.1766549147736091,0.0,1.826559521387311
adaptive_diverse,0,24,0.029011088563026283,0.17775086717681263,0.0,1.8087759261325975
adaptive_diverse,0,25,0.029184195553383887,0.17854643641010823,0.0,1.8295931001901078
adaptive_diverse,0,26,0.02868331482982046,0.1757080479430666,0.0,1.8160767187277973
adaptive_diverse,0,27,0.02784786098938616,0.17158369082058017,0.0,1.7681268419684275
adaptive_diverse,0,28,0.027552168645361353,0.16824602189032134,0.0,1.766975688171174
adaptive_diverse,0,29,0.02723255347454651,0.16794052219505928,0.0,1.81992068663916
adaptive_diverse,0,30,0.027009294815162448,0.17414326931113075,0.0,1.8052324465623637
adaptive_diverse,0,31,0.026100538228900672,0.1720372611046109,0.0,1.7985901416000307
adaptive_diverse,0,32,0.02590645989189848,0.1750666541239839,0.0,1.792241827663971
adaptive_diverse,0,33,0.024827274775963484,0.17162783016903965,0.0,1.7619672300071116
adaptive_diverse,0,34,0.0247404719041609,0.17352324800470242,0.0,1.7169399183236633
adaptive_diverse,0,35,0.024839573478561257,0.1755527374049408,0.0,1.7807111894607628
adaptive_diverse,0,36,0.025019634216873095,0.17407668883346988,0.0,1.7628629073895525
adaptive_diverse,0,37,0.023922272484350134,0.1750520732898044,0.0,1.748620218444661
adaptive_diverse,0,38,0.024126561693951044,0.17078855671671647,0.0,1.7793519364656203
adaptive_diverse,0,39,0.02254070683121874,0.17150809667601472,0.0,1.7449295714029334
adaptive_diverse,1,0,0.06811549257566657,0.15667699651544884,0.02,2.2571487672274264
adaptive_diverse,1,1,0.06214663608459985,0.15930818665873447,0.02,2.2463618307812805
adaptive_diverse,1,2,0.054801492434526,0.1667147328770852,0.01,2.2475897679003403
adaptive_diverse,1,3,0.0547745413746354,0.17416395531847242,0.006666666666666667,1.966348597020483
adaptive_diverse,1,4,0.052815247438949886,0.17565756570880256,0.0033333333333333335,1.9094978379403005
adaptive_diverse,1,5,0.049932678622859994,0.17757275496129685,0.0033333333333333335,1.9311903457041972
adaptive_diverse,1,6,0.04830597587826355,0.17402028485203289,0.0033333333333333335,1.916625514566286
adaptive_diverse,1,7,0.044642230464589615,0.1734729758777902,0.0033333333333333335,1.900708340499929
adaptive_diverse,1,8,0.04231903022119825,0.16848109957180318,0.0033333333333333335,1.8805696743052038
adaptive_diverse,1,9,0.03977217035253943,0.17292793603346013,0.0033333333333333335,1.8737965640987628
adaptive_diverse,1,10,0.03860241168801075,0.17428339177879362,0.0033333333333333335,1.8669651098054527
adaptive_diverse,1,11,0.037307088991901986,0.17449895366475426,0.0,1.8191940012028
adaptive_diverse,1,12,0.03504313423008704,0.16887628069616684,0.0,1.8183252857044947
adaptive_diverse,1,13,0.03337742502766182,0.1662736590791483,0.0,1.829913952643563
adaptive_diverse,1,14,0.03157501967850657,0.15894304706530962,0.0,1.8557725108058425
adaptive_diverse,1,15,0.031004144548521247,0.1612003561842841,0.0,1.8248643978205312
adaptive_diverse,1,16,0.03163901515885152,0.16409515362906987,0.0,1.7780804869021312
adaptive_diverse,1,17,0.030531548856395006,0.16947878161042015,0.0,1.8100713960969659
adaptive_diverse,1,18,0.02936846664710434,0.16952182355273207,0.0,1.81887972544533
adaptive_diverse,1,19,0.028795104198008865,0.1774577237640293,0.0,1.8159773588653865
adaptive_diverse,1,20,0.02856887481234401,0.180062325537873,0.0,1.8253133447804732
adaptive_diverse,1,21,0.029360345593334537,0.18424884041589903,0.0,1.800726818958088
adaptive_diverse,1,22,0.029850543028334967,0.1848942476653841,0.0,1.8368647934093127
adaptive_diverse,1,23,0.029162422881492834,0.1829001813860869,0.0,1.816106480751129
adaptive_diverse,1,24,0.027537385252156366,0.18567148170811626,0.0,1.8003691305744363
adaptive_diverse,1,25,0.028994677659128585,0.1845865781794189,0.0,1.8294400325923945
adaptive_diverse,1,26,0.028708867045109603,0.18488916634574493,0.0,1.8248965210132544
adaptive_diverse,1,27,0.028517420171466062,0.18385906272227542,0.0,1.8201004169257202
adaptive_diverse,1,28,0.028118544181049702,0.18942639765114624,0.0,1.8047180247164027
adaptive_diverse,1,29,0.026808560833116286,0.18647745864764453,0.0,1.832990202052862
adaptive_diverse,1,30,0.02716648083529781,0.18577223965277043,0.0,1.8328267923010135
adaptive_diverse,1,31,0.026975882569147625,0.1820581976320034,0.0,1.815487116338337
adaptive_diverse,1,32,0.027040038593512263,0.1782927880743453,0.0,1.808908566651441
adaptive_diverse,1,33,0.026671594939120524,0.17923559974026135,0.0,1.769601635617013
adaptive_diverse,1,34,0.026384212257148095,0.17779531409893282,0.0,1.794298656944659
adaptive_diverse,1,35,0.025311332786723664,0.17698380287150173,0.0,1.7451125443115347
adaptive_diverse,1,36,0.025748338954157082,0.1721755642351726,0.0,1.7656961583825634
adaptive_diverse,1,37,0.026409954871793075,0.1752078414980562,0.0,1.7690566506587673
adaptive_diverse,1,38,0.025831622917477533,0.1714431995204203,0.0,1.7603105664848206
adaptive_diverse,1,39,0.024672699792901612,0.1731340153976073,0.0,1.7817461901040352
adaptive_diverse,2,0,0.08146941020090995,0.17175058944932112,0.04,2.261628888781645
adaptive_diverse,2,1,0.07284897290381515,0.16812737774752298,0.03333333333333333,2.268020476023453
adaptive_diverse,2,2,0.06657165814490446,0.1671068800309066,0.03,2.2566279892575083
adaptive_diverse,2,3,0.06447252330300725,0.16794948436797394,0.023333333333333334,1.9942567177002342
adaptive_diverse,2,4,0.06056762754373113,0.16863995349686867,0.023333333333333334,1.946172230434704
adaptive_diverse,2,5,0.05794352792543198,0.17160316831552933,0.023333333333333334,1.9776759492430613
adaptive_diverse,2,6,0.055902332432342494,0.17257501070064024,0.013333333333333334,1.945743776064679
adaptive_diverse,2,7,0.05313402010155096,0.17296113403660837,0.013333333333333334,1.9196134531796634
adaptive_diverse,2,8,0.053824907077487605,0.17314741709354256,0.01,1.9649148488524757
adaptive_diverse,2,9,0.05227532634958455,0.17035045579428537,0.013333333333333334,1.9211474584948525
adaptive_diverse,2,10,0.052364717297573415,0.17051642114325033,0.013333333333333334,1.931163073749303
adaptive_diverse,2,11,0.04992304614744855,0.1687674722949049,0.01,1.9511513198776855
adaptive_diverse,2,12,0.04649780882922359,0.1691725361948141,0.0033333333333333335,1.8991917986631082
adaptive_diverse,2,13,0.0435787742743027,0.17315668622787309,0.0,1.9438917086416687
adaptive_diverse,2,14,0.041211210865628636,0.17247213461379768,0.0,1.8868129237392972
adaptive_diverse,2,15,0.03966929513793456,0.16685162291856706,0.0,1.838820325747197
adaptive_diverse,2,16,0.03824095735130468,0.16621606976040082,0.0,1.8749404565581864
adaptive_diverse,2,17,0.03643105242030005,0.1687285044387113,0.0,1.8598150141170173
adaptive_diverse,2,18,0.03347555609220198,0.16533918980829237,0.0,1.845255215742724
adaptive_diverse,2,19,0.03325410958451732,0.1683411490106692,0.0,1.8423439136118682
adaptive_diverse,2,20,0.03330443074703628,0.16895247520891918,0.0,1.8462069647933994
adaptive_diverse,2,21,0.0324910286953436,0.16579995498230954,0.0,1.8674975116000199
adaptive_diverse,2,22,0.03200522192682714,0.16816763195553158,0.0,1.8040254486713143
adaptive_diverse,2,23,0.031188135235881115,0.16791116708694084,0.0,1.8335367167634278
adaptive_diverse,2,24,0.030795377128719582,0.16673378923004387,0.0,1.842332857306241
adaptive_diverse,2,25,0.02931747986200224,0.16655755544825096,0.0,1.8008519306757942
adaptive_diverse,2,26,0.0280461535021017,0.16917554662949671,0.0,1.803906995515378
adaptive_diverse,2,27,0.02823293330892121,0.17577203240546257,0.0,1.794367601926736
adaptive_diverse,2,28,0.027522316607747774,0.18309825595388998,0.0,1.8091623117377948
adaptive_diverse,2,29,0.027162896689343536,0.17836937592668994,0.0,1.7903786481726587
adaptive_diverse,2,30,0.02648096808646344,0.17854601308448717,0.0,1.7906043392698185
adaptive_diverse,2,31,0.027793463132490124,0.18423169517063978,0.0,1.8080082871312677
adaptive_diverse,2,32,0.027388549424517177,0.18324879410321857,0.0,1.8219554951093018
adaptive_diverse,2,33,0.026853354385668382,0.17562835142055713,0.0,1.8005486850723589
adaptive_diverse,2,34,0.028039762411953363,0.1788216048173744,0.0,1.8205332912714114
adaptive_diverse,2,35,0.02732430789283376,0.17986995924639596,0.0,1.7927390130280152
adaptive_diverse,2,36,0.02701426784175294,0.17600590680249315,0.0,1.8266012239157643
adaptive_diverse,2,37,0.0258176885398053,0.1746895516460526,0.0,1.7881590924008393
adaptive_diverse,2,38,0.02494917079656088,0.16789126060987186,0.0,1.7737442966215857
adaptive_diverse,2,39,0.02366893831474928,0.16647096525151203,0.0,1.7720977866625396
adaptive_diverse,3,0,0.07897081061530833,0.16497381674442185,0.03666666666666667,2.254482889174045
adaptive_diverse,3,1,0.06601487492168681,0.16465514141040694,0.01,2.2519068850828314
adaptive_diverse,3,2,0.05552243196742848,0.16888487906367722,0.01,2.235350451610077
adaptive_diverse,3,3,0.05437749273340593,0.17007140482647626,0.0033333333333333335,1.9146787848138225
adaptive_diverse,3,4,0.05214292312039873,0.17099580167528167,0.0033333333333333335,1.88634003163545
adaptive_diverse,3,5,0.05021122082960566,0.16938348520629024,0.0033333333333333335,1.9703938386733277
adaptive_diverse,3,6,0.04607141607342105,0.16767505838935765,0.0033333333333333335,1.8816929701286267
adaptive_diverse,3,7,0.04546439685332518,0.1682413586009868,0.0033333333333333335,1.93763842432241
adaptive_diverse,3,8,0.044146103335550246,0.16774270285251403,0.0033333333333333335,1.9063547324104952
adaptive_diverse,3,9,0.043760146647747585,0.16617719071808662,0.0033333333333333335,1.9115194093727297
adaptive_diverse,3,10,0.04245703030437339,0.1699573096308982,0.0,1.8899435419840542
adaptive_diverse,3,11,0.0419269794764118,0.17271178596741626,0.0,1.894640170477191
adaptive_diverse,3,12,0.039695605174499465,0.17195878780925974,0.0,1.9069123511258954
adaptive_diverse,3,13,0.03845246525946586,0.170039639174638,0.0,1.9095608657445404
adaptive_diverse,3,14,0.036249267591846664,0.1728841741421448,0.0,1.8606225111833328
adaptive_diverse,3,15,0.03653256339141712,0.17466273597476237,0.0,1.8529865272680321
adaptive_diverse,3,16,0.03569072242637299,0.17082622812611195,0.0,1.8590405678198791
adaptive_diverse,3,17,0.03392419865719097,0.17149302507780514,0.0,1.8561493269995128
adaptive_diverse,3,18,0.032011559827988395,0.17198817730031596,0.0,1.8491418835931381
adaptive_diverse,3,19,0.031148673209480955,0.17493266833548687,0.0,1.8045485514013169
adaptive_diverse,3,20,0.03147432572549564,0.1747000174040452,0.0,1.8539180579546262
adaptive_diverse,3,21,0.02984137845045802,0.17436600487480997,0.0,1.8550183924744938
adaptive_diverse,3,22,0.02961691965361177,0.17052752824907533,0.0,1.8216401419601163
adaptive_diverse,3,23,0.02842825280996827,0.17114260791137756,0.0,1.801245995682863
adaptive_diverse,3,24,0.02880838828895041,0.16946162171151355,0.0,1.8418961125526865
adaptive_diverse,3,25,0.028371707013869547,0.1741184500522215,0.0,1.7885080202800958
adaptive_diverse,3,26,0.027640984528557667,0.17521630888220244,0.0,1.802543460948027
adaptive_diverse,3,27,0.02648532557167986,0.17369933771048993,0.0,1.766594543668352
adaptive_diverse,3,28,0.02628222562368936,0.17630169727168832,0.0,1.7863958954172352
adaptive_diverse,3,29,0.027749390929206114,0.17488235859826182,0.0,1.8132704666196378
adaptive_diverse,3,30,0.027777548212494115,0.17891524988666127,0.0,1.8059469746500738
adaptive_diverse,3,31,0.027629856227892276,0.1768530593404536,0.0,1.7312595661707149
adaptive_diverse,3,32,0.028104140759293694,0.17838702989843383,0.0,1.8258866248980723
adaptive_diverse,3,33,0.026325661846377666,0.17781182185843894,0.0,1.7614026772068971
adaptive_diverse,3,34,0.027270245558445823,0.18075747486043456,0.0,1.79031056523365
adaptive_diverse,3,35,0.02633310423519035,0.17872788028144118,0.0,1.8164407672421403
adaptive_diverse,3,36,0.02677943485803451,0.18082152599960816,0.0,1.758343221091787
adaptive_diverse,3,37,0.025689721765413117,0.18294449861968354,0.0,1.7860484763212379
adaptive_diverse,3,38,0.025345709606297735,0.1743200937262805,0.0,1.7981572983441625
adaptive_diverse,3,39,0.025083345412610494,0.17628456966625072,0.0,1.8092612847249796
adaptive_diverse,4,0,0.08109920532055206,0.17084216480298364,0.03666666666666667,2.260318100340556
adaptive_diverse,4,1,0.07300388166639626,0.16717072840565403,0.023333333333333334,2.2656456231065385
adaptive_diverse,4,2,0.0655552102997597,0.1700821100285326,0.02,2.2500847280665837
adaptive_diverse,4,3,0.061843331398172434,0.16982236130504694,0.02,1.9756065396370708
adaptive_diverse,4,4,0.05862272030206899,0.17356630765579437,0.01,1.9730802092058348
adaptive_diverse,4,5,0.05626403313988552,0.17797542575373876,0.006666666666666667,1.9313820913504371
adaptive_diverse,4,6,0.05401611644239761,0.1754318745484002,0.006666666666666667,1.9211270099012836
adaptive_diverse,4,7,0.05203473093061795,0.17530404618797846,0.0033333333333333335,1.945355672476691
adaptive_diverse,4,8,0.04904362974010208,0.17865856092044122,0.0033333333333333335,1.9359231564952657
adaptive_diverse,4,9,0.04628208551485435,0.17684567880953267,0.0,1.9111746889649206
adaptive_diverse,4,10,0.04526611646832346,0.17669324438129788,0.0033333333333333335,1.8863748934419875
adaptive_diverse,4,11,0.042063780838344667,0.1765343204073505,0.0,1.8682243264465628
adaptive_diverse,4,12,0.04114498866067138,0.17435437798346004,0.0,1.8964074997661324
adaptive_diverse,4,13,0.04014229409906922,0.17202434111672402,0.0,1.8650527301465687
adaptive_diverse,4,14,0.03925075818066311,0.17251344189300952,0.0,1.8756840218664006
adaptive_diverse,4,15,0.03784902565937458,0.1784356245807069,0.0,1.854647519528113
adaptive_diverse,4,16,0.03692539056007548,0.17552145008163514,0.0,1.8324752711340317
adaptive_diverse,4,17,0.035686863323160845,0.17184322370276425,0.0,1.833946279542379
adaptive_diverse,4,18,0.03388482056446339,0.17385019584732753,0.0,1.8456454309923125
adaptive_diverse,4,19,0.033917362691221836,0.17333246111957099,0.0,1.838021169611189
adaptive_diverse,4,20,0.03293447749871382,0.1721679827154787,0.0,1.8357348167045424
adaptive_diverse,4,21,0.03328814953261039,0.17355316977761862,0.0,1.8392821660282261
adaptive_diverse,4,22,0.03170898137533922,0.17844508861691805,0.0,1.8367621254670918
adaptive_diverse,4,23,0.03178844353761769,0.1827395823421696,0.0,1.797142988385539
adaptive_diverse,4,24,0.03171615910855792,0.1831374987883885,0.0,1.8500310407313054
adaptive_diverse,4,25,0.02984780121710831,0.17750733642648897,0.0,1.8332847987578516
adaptive_diverse,4,26,0.02892947858772345,0.1828175825529451,0.0,1.8448452912345379
adaptive_diverse,4,27,0.028425754940384552,0.18308901995383667,0.0,1.832782893755989
adaptive_diverse,4,28,0.028118334852159487,0.1811619960663303,0.0,1.7917470075060251
adaptive_diverse,4,29,0.028266321487609717,0.18363769992283754,0.0,1.845753727793888
adaptive_diverse,4,30,0.02748187132879647,0.18147553015838042,0.0,1.8148047988751235
adaptive_diverse,4,31,0.028871535074200812,0.18188391374851148,0.0,1.789427929805614
adaptive_diverse,4,32,0.027803431519633624,0.18078022513564831,0.0,1.8103116505683583
adaptive_diverse,4,33,0.02667094383088812,0.17634533303544025,0.0,1.8123079487740361
adaptive_diverse,4,34,0.02619893971107051,0.16786740657219337,0.0,1.7663350085153355
adaptive_diverse,4,35,0.02568609528890791,0.1654212620981221,0.0,1.7620152617987463
adaptive_diverse,4,36,0.026095556878155186,0.17509095488938647,0.0,1.7857931229153272
adaptive_diverse,4,37,0.027067421296184987,0.17580100782047248,0.0,1.8087422569924874
adaptive_diverse,4,38,0.027595818267342268,0.1737443322302075,0.0,1.821326245969653
adaptive_diverse,4,39,0.02528642154093466,0.17243442894317898,0.0,1.7857134441096933
